GPS Time, Device Time, Longitude, Latitude,GPS Speed (Meters/second), Horizontal Dilution of Precision, Altitude, Bearing, G(x), G(y), G(z), G(calibrated), 
Sat Jun 09 14:56:27 GMT+03:00 2018,09-Jun-2018 14:56:26.198,23.18595845,61.2428269,0.0,8.576,126.0,0.0,-9.10958862,0.65116882,2.64640808,-0.03015447,
Sat Jun 09 14:56:28 GMT+03:00 2018,09-Jun-2018 14:56:27.197,23.18595957,61.24286236,0.41,5.36,124.0,123.1,-9.59915161,0.42672729,1.95335388,0.00008446,
Sat Jun 09 14:56:29 GMT+03:00 2018,09-Jun-2018 14:56:28.197,23.185976,61.24289769,0.36,5.36,124.0,111.1,-9.59915161,0.42672729,1.95335388,0.00008446,
Sat Jun 09 14:56:30 GMT+03:00 2018,09-Jun-2018 14:56:29.200,23.18596889,61.24291024,0.0,4.288,124.0,0.0,-9.59915161,0.42672729,1.95335388,0.00008446,
Sat Jun 09 14:56:31 GMT+03:00 2018,09-Jun-2018 14:56:30.198,23.18594539,61.24290725,0.0,5.36,122.0,0.0,-9.59915161,0.42672729,1.95335388,0.00008446,
Sat Jun 09 14:56:32 GMT+03:00 2018,09-Jun-2018 14:56:31.198,23.18593686,61.24290696,0.0,5.36,120.0,0.0,-7.44377136,0.80056763,5.33380127,-0.00378832,
Sat Jun 09 14:56:33 GMT+03:00 2018,09-Jun-2018 14:56:32.197,23.18594209,61.2429141,0.0,5.36,120.0,0.0,-9.3074646,-1.83294678,-3.19944763,0.02109104,
Sat Jun 09 14:56:34 GMT+03:00 2018,09-Jun-2018 14:56:33.198,23.18594335,61.24291188,0.0,5.36,120.0,0.0,-9.67156982,-0.55944824,1.4059906,0.00156422,
Sat Jun 09 14:56:35 GMT+03:00 2018,09-Jun-2018 14:56:34.198,23.18593639,61.24291178,0.0,4.288,120.0,0.0,-9.15534973,0.0849762,3.03443909,-0.01619303,
Sat Jun 09 14:56:36 GMT+03:00 2018,09-Jun-2018 14:56:35.198,23.18592687,61.24291353,0.0,4.288,120.0,0.0,-9.1966095,-0.50993347,2.56912231,-0.00484074,
Sat Jun 09 14:56:37 GMT+03:00 2018,09-Jun-2018 14:56:36.197,23.18591906,61.24292058,0.0,4.288,119.0,0.0,-10.19129944,-0.85671997,3.04452515,0.08832246,
Sat Jun 09 14:56:38 GMT+03:00 2018,09-Jun-2018 14:56:37.198,23.18591,61.24291839,0.0,4.288,118.0,0.0,-10.03587341,0.19155884,-0.79907227,0.00118724,
Sat Jun 09 14:56:39 GMT+03:00 2018,09-Jun-2018 14:56:38.197,23.18589736,61.24291251,0.3,4.288,117.0,188.9,-9.05758667,-0.48648071,4.61839294,0.03816158,
Sat Jun 09 14:56:40 GMT+03:00 2018,09-Jun-2018 14:56:39.197,23.18590003,61.24290805,0.0,4.288,117.0,0.0,-7.80799866,0.95207214,6.56134033,-0.00960233,
Sat Jun 09 14:56:41 GMT+03:00 2018,09-Jun-2018 14:56:40.197,23.18590271,61.2429059,0.0,4.288,116.0,0.0,-6.93817139,1.79310608,7.04267883,0.02478927,
Sat Jun 09 14:56:42 GMT+03:00 2018,09-Jun-2018 14:56:41.198,23.18590611,61.24290602,0.0,3.216,116.0,0.0,-8.19180298,0.87461853,6.40730286,-0.00271609,
Sat Jun 09 14:56:43 GMT+03:00 2018,09-Jun-2018 14:56:42.198,23.18590033,61.24290535,0.0,3.216,117.0,0.0,-9.68113708,-0.30317688,2.53268433,0.02112037,
Sat Jun 09 14:56:44 GMT+03:00 2018,09-Jun-2018 14:56:43.198,23.18589502,61.24291177,0.0,3.216,116.0,0.0,-9.77732849,-0.70309448,4.35029602,0.01100961,
Sat Jun 09 14:56:45 GMT+03:00 2018,09-Jun-2018 14:56:44.197,23.18589413,61.24291121,0.0,3.216,116.0,0.0,-9.39743042,0.39138794,-0.96650696,-0.03560019,
Sat Jun 09 14:56:46 GMT+03:00 2018,09-Jun-2018 14:56:45.197,23.18589636,61.24291036,0.0,3.216,116.0,0.0,-9.47140503,0.31427002,1.25856018,-0.01137958,
Sat Jun 09 14:56:47 GMT+03:00 2018,09-Jun-2018 14:56:46.196,23.1858953,61.24290802,0.0,3.216,116.0,0.0,-9.59036255,-0.02941895,2.29032898,0.00568348,
Sat Jun 09 14:56:48 GMT+03:00 2018,09-Jun-2018 14:56:47.197,23.18589775,61.24290812,0.0,3.216,116.0,0.0,-9.68217468,-0.06999207,1.42823792,-0.00370057,
Sat Jun 09 14:56:49 GMT+03:00 2018,09-Jun-2018 14:56:48.198,23.18589641,61.24291326,0.0,3.216,116.0,0.0,-9.7223053,0.07371521,1.73677063,0.00735432,
Sat Jun 09 14:56:50 GMT+03:00 2018,09-Jun-2018 14:56:49.197,23.18589397,61.2429142,0.0,3.216,116.0,0.0,-9.75073242,0.00737,1.69075012,0.00010533,
Sat Jun 09 14:56:51 GMT+03:00 2018,09-Jun-2018 14:56:50.197,23.18589267,61.24291451,0.0,3.216,116.0,0.0,-9.60127258,0.04971313,1.43669128,-0.00979084,
Sat Jun 09 14:56:52 GMT+03:00 2018,09-Jun-2018 14:56:51.198,23.18589338,61.24291475,0.0,3.216,116.0,0.0,-9.66740417,0.1235199,0.84324646,-0.00189736,
Sat Jun 09 14:56:53 GMT+03:00 2018,09-Jun-2018 14:56:52.196,23.18589346,61.24291499,0.0,3.216,116.0,0.0,-9.72503662,-0.11393738,1.44645691,0.00288838,
Sat Jun 09 14:56:54 GMT+03:00 2018,09-Jun-2018 14:56:53.197,23.18589354,61.24291507,0.0,3.216,116.0,0.0,-9.66127014,-0.06742859,1.28303528,-0.00151698,
Sat Jun 09 14:56:55 GMT+03:00 2018,09-Jun-2018 14:56:54.199,23.18589356,61.24291513,0.0,3.216,116.0,0.0,-9.67593384,-0.11225891,1.47161865,-0.00168151,
Sat Jun 09 14:56:56 GMT+03:00 2018,09-Jun-2018 14:56:55.199,23.18589357,61.24291515,0.0,3.216,116.0,0.0,-9.81201172,-0.14097595,1.39796448,0.00601386,
Sat Jun 09 14:56:57 GMT+03:00 2018,09-Jun-2018 14:56:56.199,23.18589354,61.24291518,0.0,3.216,116.0,0.0,-9.75236511,0.16638184,1.22563171,0.0026651,
Sat Jun 09 14:56:58 GMT+03:00 2018,09-Jun-2018 14:56:57.198,23.18589356,61.24291513,0.0,3.216,116.0,0.0,-9.93946838,-0.28262329,1.53474426,0.00084668,
Sat Jun 09 14:56:59 GMT+03:00 2018,09-Jun-2018 14:56:58.198,23.1858935,61.24291513,0.0,3.216,116.0,0.0,-9.6452179,0.07499695,1.5254364,-0.00397092,
Sat Jun 09 14:57:00 GMT+03:00 2018,09-Jun-2018 14:56:59.196,23.18589348,61.24291518,0.0,3.216,116.0,0.0,-9.72991943,0.06427002,1.51683044,-0.00024297,
Sat Jun 09 14:57:01 GMT+03:00 2018,09-Jun-2018 14:57:00.198,23.18589347,61.24291521,0.0,3.216,116.0,0.0,-9.57902527,0.59591675,1.22007751,-0.01320696,
Sat Jun 09 14:57:02 GMT+03:00 2018,09-Jun-2018 14:57:01.199,23.18589326,61.24291563,0.0,3.216,116.0,0.0,-9.77415466,0.26216125,1.17134094,-0.00155569,
Sat Jun 09 14:57:03 GMT+03:00 2018,09-Jun-2018 14:57:02.197,23.18589327,61.24291552,0.0,3.216,116.0,0.0,-9.71078491,0.26550293,1.37159729,0.00065464,
Sat Jun 09 14:57:04 GMT+03:00 2018,09-Jun-2018 14:57:03.197,23.18589327,61.24291536,0.0,3.216,116.0,0.0,-9.68453979,0.40258789,1.1799469,0.00265392,
Sat Jun 09 14:57:05 GMT+03:00 2018,09-Jun-2018 14:57:04.198,23.18589315,61.24291521,0.0,3.216,116.0,0.0,-9.70884705,0.28918457,1.06710815,-0.00310752,
Sat Jun 09 14:57:06 GMT+03:00 2018,09-Jun-2018 14:57:05.200,23.1858932,61.24291497,0.0,3.216,116.0,0.0,-9.72850037,0.26042175,1.16752625,-0.00125295,
Sat Jun 09 14:57:07 GMT+03:00 2018,09-Jun-2018 14:57:06.196,23.18589328,61.24291484,0.0,3.216,116.0,0.0,-9.63290405,0.31451416,1.16041565,-0.00985736,
Sat Jun 09 14:57:08 GMT+03:00 2018,09-Jun-2018 14:57:07.198,23.18589356,61.24291661,0.0,3.216,116.0,0.0,-9.8008728,0.18531799,1.07289124,-0.00260588,
Sat Jun 09 14:57:09 GMT+03:00 2018,09-Jun-2018 14:57:08.198,23.18589355,61.24291676,0.0,3.216,116.0,0.0,-9.73721313,0.29969788,1.04568481,-0.00066853,
Sat Jun 09 14:57:10 GMT+03:00 2018,09-Jun-2018 14:57:09.199,23.18589346,61.242917,0.0,3.216,116.0,0.0,-9.01383972,1.57032776,0.89318848,-0.00732557,
Sat Jun 09 14:57:11 GMT+03:00 2018,09-Jun-2018 14:57:10.199,23.18589341,61.24291702,0.0,3.216,116.0,0.0,-8.61437988,0.2963562,2.34060669,-0.08896279,
Sat Jun 09 14:57:12 GMT+03:00 2018,09-Jun-2018 14:57:11.198,23.1858905,61.24291331,0.0,3.216,116.0,0.0,-9.3553772,0.2308197,2.86314392,-0.00297621,
Sat Jun 09 14:57:13 GMT+03:00 2018,09-Jun-2018 14:57:12.197,23.18589027,61.24291085,0.0,3.216,116.0,0.0,-9.42449951,0.0401001,2.63815308,-0.0030237,
Sat Jun 09 14:57:14 GMT+03:00 2018,09-Jun-2018 14:57:13.198,23.18588739,61.24291318,0.0,3.216,116.0,0.0,-8.94926453,0.43452454,3.43832397,-0.00876237,
Sat Jun 09 14:57:15 GMT+03:00 2018,09-Jun-2018 14:57:14.198,23.18588543,61.24291157,0.0,3.216,116.0,0.0,-9.49978638,-0.73756409,1.74650574,-0.01194972,
Sat Jun 09 14:57:16 GMT+03:00 2018,09-Jun-2018 14:57:15.199,23.18588039,61.24291425,0.0,3.216,116.0,0.0,-9.57025146,-0.1542511,1.4359436,-0.0054296,
Sat Jun 09 14:57:17 GMT+03:00 2018,09-Jun-2018 14:57:16.199,23.18587848,61.2429149,0.0,3.216,116.0,0.0,-9.64007568,-0.24954224,1.5690918,-0.00348788,
Sat Jun 09 14:57:18 GMT+03:00 2018,09-Jun-2018 14:57:17.197,23.18587659,61.24291359,0.0,3.216,117.0,0.0,-9.63772583,-0.10888672,1.34214783,-0.00129589,
Sat Jun 09 14:57:19 GMT+03:00 2018,09-Jun-2018 14:57:18.199,23.18587764,61.24291167,0.0,3.216,117.0,0.0,-9.70318604,-0.15783691,1.59832764,0.00314659,
Sat Jun 09 14:57:20 GMT+03:00 2018,09-Jun-2018 14:57:19.199,23.18587605,61.24291321,0.0,3.216,117.0,0.0,-9.67987061,-0.10229492,1.56680298,-0.00117776,
Sat Jun 09 14:57:21 GMT+03:00 2018,09-Jun-2018 14:57:20.199,23.18587547,61.24291288,0.0,3.216,117.0,0.0,-9.69082642,-0.05599976,1.39633179,-0.00076265,
Sat Jun 09 14:57:22 GMT+03:00 2018,09-Jun-2018 14:57:21.198,23.18587551,61.24291362,0.0,3.216,117.0,0.0,-9.58001709,0.10186768,1.80593872,-0.00561267,
Sat Jun 09 14:57:23 GMT+03:00 2018,09-Jun-2018 14:57:22.197,23.18587626,61.24291428,0.0,3.216,117.0,0.0,-9.81890869,-0.09176636,1.52978516,-0.00479996,
Sat Jun 09 14:57:24 GMT+03:00 2018,09-Jun-2018 14:57:23.197,23.18587631,61.24291449,0.0,3.216,117.0,0.0,-9.47108459,0.47167969,1.20983887,-0.02493936,
Sat Jun 09 14:57:25 GMT+03:00 2018,09-Jun-2018 14:57:24.197,23.18587645,61.24291459,0.0,3.216,117.0,0.0,-9.74038696,0.11347961,0.7592926,-0.00245527,
Sat Jun 09 14:57:26 GMT+03:00 2018,09-Jun-2018 14:57:25.197,23.1858765,61.24291454,0.0,3.216,117.0,0.0,-9.75628662,-0.1619873,0.44329834,-0.00373572,
Sat Jun 09 14:57:27 GMT+03:00 2018,09-Jun-2018 14:57:26.197,23.1858765,61.2429145,0.0,3.216,117.0,0.0,-9.82769775,-0.03971863,0.05430603,-0.00051199,
Sat Jun 09 14:57:28 GMT+03:00 2018,09-Jun-2018 14:57:27.197,23.18587648,61.24291451,0.0,3.216,117.0,0.0,-9.60368347,0.27352905,2.09481812,0.00295192,
Sat Jun 09 14:57:29 GMT+03:00 2018,09-Jun-2018 14:57:28.198,23.18587646,61.24291452,0.0,3.216,117.0,0.0,-9.1638031,-0.05241394,2.82839966,-0.00360586,
Sat Jun 09 14:57:30 GMT+03:00 2018,09-Jun-2018 14:57:29.197,23.18587646,61.24291453,0.0,3.216,117.0,0.0,-9.06729126,0.41835022,3.03860474,-0.02368045,
Sat Jun 09 14:57:31 GMT+03:00 2018,09-Jun-2018 14:57:30.197,23.18587648,61.24291453,0.0,3.216,117.0,0.0,-9.98521423,0.14430237,0.74961853,-0.00197381,
Sat Jun 09 14:57:32 GMT+03:00 2018,09-Jun-2018 14:57:31.198,23.1858765,61.2429145,0.0,3.216,117.0,0.0,-9.75871277,0.44174194,0.62203979,-0.001616,
Sat Jun 09 14:57:33 GMT+03:00 2018,09-Jun-2018 14:57:32.197,23.18587651,61.24291448,0.0,3.216,117.0,0.0,-8.55822754,0.42024231,1.29467773,-0.01591772,
Sat Jun 09 14:57:34 GMT+03:00 2018,09-Jun-2018 14:57:33.197,23.1858765,61.24291447,0.0,3.216,117.0,0.0,-9.88708496,-0.70602417,2.20877075,0.03578275,
Sat Jun 09 14:57:35 GMT+03:00 2018,09-Jun-2018 14:57:34.197,23.18587163,61.24291281,0.2,3.216,117.0,347.2,-8.73445129,-1.18434143,1.0362854,-0.03592044,
Sat Jun 09 14:57:36 GMT+03:00 2018,09-Jun-2018 14:57:35.196,23.18586899,61.24291028,0.0,3.216,117.0,0.0,-9.68876648,-0.18902588,-0.97663879,-0.00658953,
Sat Jun 09 14:57:37 GMT+03:00 2018,09-Jun-2018 14:57:36.197,23.18586617,61.24290821,0.0,3.216,116.0,0.0,-9.69747925,-0.67074585,-1.62191772,-0.00198609,
Sat Jun 09 14:57:38 GMT+03:00 2018,09-Jun-2018 14:57:37.197,23.18585926,61.24289852,0.0,3.216,117.0,0.0,-9.67254639,-0.59007263,-1.47483826,-0.00022697,
Sat Jun 09 14:57:39 GMT+03:00 2018,09-Jun-2018 14:57:38.197,23.18585351,61.24289121,0.0,3.216,116.0,0.0,-9.1492157,-0.39724731,-0.62594604,0.01511592,
Sat Jun 09 14:57:40 GMT+03:00 2018,09-Jun-2018 14:57:39.196,23.18584566,61.24288262,0.0,3.216,116.0,0.0,-7.09738159,-0.20649719,-0.64703369,-0.27263385,
Sat Jun 09 14:57:41 GMT+03:00 2018,09-Jun-2018 14:57:40.197,23.18584179,61.24287908,0.0,3.216,116.0,0.0,-10.08398438,-0.26818848,-0.52534485,0.00107098,
Sat Jun 09 14:57:42 GMT+03:00 2018,09-Jun-2018 14:57:41.197,23.18584085,61.24287714,0.0,3.216,116.0,0.0,-9.46820068,-0.04251099,-1.61592102,-0.02030021,
Sat Jun 09 14:57:43 GMT+03:00 2018,09-Jun-2018 14:57:42.197,23.18583875,61.24287567,0.0,3.216,116.0,0.0,-9.78123474,-0.32177734,-1.2006073,0.00418651,
Sat Jun 09 14:57:44 GMT+03:00 2018,09-Jun-2018 14:57:43.197,23.18583822,61.242876,0.0,3.216,115.0,0.0,-9.7306366,-0.24417114,-1.25138855,0.00096506,
Sat Jun 09 14:57:45 GMT+03:00 2018,09-Jun-2018 14:57:44.197,23.18583916,61.24287716,0.0,3.216,115.0,0.0,-9.7277832,-0.54882812,-1.27963257,0.00003722,
Sat Jun 09 14:57:46 GMT+03:00 2018,09-Jun-2018 14:57:45.197,23.18583596,61.24288147,0.0,3.216,115.0,0.0,-9.7285614,-0.34542847,-1.22187805,0.00068635,
Sat Jun 09 14:57:47 GMT+03:00 2018,09-Jun-2018 14:57:46.197,23.18583346,61.24288556,0.0,3.216,115.0,0.0,-9.65156555,-0.39292908,-1.06681824,-0.00553001,
Sat Jun 09 14:57:48 GMT+03:00 2018,09-Jun-2018 14:57:47.198,23.18583303,61.24288753,0.0,3.216,115.0,0.0,-9.72142029,-0.34165955,-1.22175598,-0.00005049,
Sat Jun 09 14:57:49 GMT+03:00 2018,09-Jun-2018 14:57:48.197,23.18583362,61.24288809,0.0,3.216,115.0,0.0,-9.71482849,-0.31970215,-1.25531006,0.00026387,
Sat Jun 09 14:57:50 GMT+03:00 2018,09-Jun-2018 14:57:49.198,23.18583407,61.24288827,0.0,3.216,115.0,0.0,-9.72303772,-0.37936401,-1.2568512,0.00070626,
Sat Jun 09 14:57:51 GMT+03:00 2018,09-Jun-2018 14:57:50.197,23.18583436,61.24288834,0.0,3.216,115.0,0.0,-9.82989502,-0.0965271,-1.31564331,0.00254461,
Sat Jun 09 14:57:52 GMT+03:00 2018,09-Jun-2018 14:57:51.198,23.18583449,61.24288835,0.0,3.216,115.0,0.0,-9.80400085,-0.45628357,-1.56840515,0.01374084,
Sat Jun 09 14:57:53 GMT+03:00 2018,09-Jun-2018 14:57:52.197,23.18583457,61.24288837,0.0,3.216,115.0,0.0,-8.71755981,-0.5091095,-4.53825378,0.00009423,
Sat Jun 09 14:57:54 GMT+03:00 2018,09-Jun-2018 14:57:53.197,23.1858346,61.24288838,0.0,3.216,115.0,0.0,-9.9382782,-0.06581116,-0.30491638,0.01415175,
Sat Jun 09 14:57:55 GMT+03:00 2018,09-Jun-2018 14:57:54.198,23.18583462,61.2428884,0.0,3.216,115.0,0.0,-9.79344177,-0.25080872,-1.27450562,-0.00446242,
Sat Jun 09 14:57:56 GMT+03:00 2018,09-Jun-2018 14:57:55.198,23.18583465,61.24288842,0.0,3.216,115.0,0.0,-9.77690125,-0.3327179,-1.37025452,0.00751454,
Sat Jun 09 14:57:57 GMT+03:00 2018,09-Jun-2018 14:57:56.198,23.18583465,61.24288843,0.0,3.216,115.0,0.0,-9.72373962,-0.23774719,-1.0818634,0.00065789,
Sat Jun 09 14:57:58 GMT+03:00 2018,09-Jun-2018 14:57:57.197,23.18583464,61.24288843,0.0,3.216,115.0,0.0,-9.73823547,-0.18733215,-1.11961365,-0.00001711,
Sat Jun 09 14:57:59 GMT+03:00 2018,09-Jun-2018 14:57:58.197,23.18583464,61.24288844,0.0,3.216,115.0,0.0,-9.70629883,-0.21217346,-1.15065002,-0.00093206,
Sat Jun 09 14:58:00 GMT+03:00 2018,09-Jun-2018 14:57:59.196,23.18583471,61.24288844,0.0,3.216,115.0,0.0,-8.8649292,0.11044312,-3.8497467,-0.01416469,
Sat Jun 09 14:58:01 GMT+03:00 2018,09-Jun-2018 14:58:00.197,23.18583472,61.24288847,0.0,3.216,115.0,0.0,-7.04220581,-1.48239136,-4.61096191,0.09582154,
Sat Jun 09 14:58:02 GMT+03:00 2018,09-Jun-2018 14:58:01.198,23.18583061,61.24289274,0.67,3.216,115.0,350.1,-6.88569641,-1.53260803,3.91523743,-0.17700887,
Sat Jun 09 14:58:03 GMT+03:00 2018,09-Jun-2018 14:58:02.197,23.18582673,61.24289687,0.39,3.216,115.0,353.1,-8.25482178,-1.2066803,4.0513916,-0.00383378,
Sat Jun 09 14:58:04 GMT+03:00 2018,09-Jun-2018 14:58:03.197,23.18581882,61.2428955,0.0,3.216,115.0,0.0,-8.31803894,-1.28208923,4.66667175,-0.01843673,
Sat Jun 09 14:58:05 GMT+03:00 2018,09-Jun-2018 14:58:04.197,23.1858194,61.2428926,0.0,3.216,115.0,0.0,-8.82159424,-1.77522278,4.26199341,-0.01614035,
Sat Jun 09 14:58:06 GMT+03:00 2018,09-Jun-2018 14:58:05.197,23.18582102,61.24289027,0.0,3.216,116.0,0.0,-8.73196411,-1.63734436,3.77006531,-0.01563299,
Sat Jun 09 14:58:07 GMT+03:00 2018,09-Jun-2018 14:58:06.197,23.18582118,61.24288834,0.0,3.216,116.0,0.0,-8.86650085,-1.80697632,3.12939453,0.00083298,
Sat Jun 09 14:58:08 GMT+03:00 2018,09-Jun-2018 14:58:07.197,23.18582265,61.24288613,0.0,3.216,116.0,0.0,-9.12489319,-1.63574219,2.84312439,-0.0109902,
Sat Jun 09 14:58:09 GMT+03:00 2018,09-Jun-2018 14:58:08.197,23.18582325,61.24288512,0.0,3.216,116.0,0.0,-9.44493103,-2.28504944,4.29711914,0.00200237,
Sat Jun 09 14:58:10 GMT+03:00 2018,09-Jun-2018 14:58:09.197,23.18582661,61.24288433,0.0,3.216,116.0,0.0,-9.19180298,-1.57720947,2.98616028,-0.00449884,
Sat Jun 09 14:58:11 GMT+03:00 2018,09-Jun-2018 14:58:10.197,23.18582904,61.24288487,0.0,3.216,117.0,0.0,-9.13700867,-1.98278809,3.677948,0.02474314,
Sat Jun 09 14:58:12 GMT+03:00 2018,09-Jun-2018 14:58:11.198,23.18583035,61.24288646,0.0,3.216,117.0,0.0,-9.05514526,-1.53684998,3.30664062,0.00072707,
Sat Jun 09 14:58:13 GMT+03:00 2018,09-Jun-2018 14:58:12.198,23.18583161,61.24288705,0.0,3.216,117.0,0.0,-6.86148071,-1.58108521,7.02963257,0.01481181,
Sat Jun 09 14:58:14 GMT+03:00 2018,09-Jun-2018 14:58:13.198,23.18583119,61.24288646,0.15,3.216,116.0,330.9,-9.75923157,0.04786682,-0.7734375,-0.04605463,
Sat Jun 09 14:58:15 GMT+03:00 2018,09-Jun-2018 14:58:14.198,23.1858312,61.24288361,0.0,3.216,116.0,0.0,-9.97950745,-0.54156494,-0.26754761,0.01971751,
Sat Jun 09 14:58:16 GMT+03:00 2018,09-Jun-2018 14:58:15.198,23.18583074,61.24288231,0.0,3.216,116.0,0.0,-9.52403259,-0.41729736,-1.43336487,0.0070463,
Sat Jun 09 14:58:17 GMT+03:00 2018,09-Jun-2018 14:58:16.198,23.1858294,61.24288106,0.0,3.216,116.0,0.0,-9.64779663,-0.44726562,-1.45527649,-0.00378805,
Sat Jun 09 14:58:18 GMT+03:00 2018,09-Jun-2018 14:58:17.198,23.1858291,61.24288062,0.0,3.216,117.0,0.0,-9.67774963,-0.41818237,-1.49014282,-0.00045641,
Sat Jun 09 14:58:19 GMT+03:00 2018,09-Jun-2018 14:58:18.197,23.18582917,61.24288091,0.0,3.216,117.0,0.0,-9.72106934,-0.49775696,-1.38349915,0.00278193,
Sat Jun 09 14:58:20 GMT+03:00 2018,09-Jun-2018 14:58:19.198,23.18582913,61.24287957,0.0,3.216,117.0,0.0,-9.66256714,-0.48042297,-1.41906738,-0.00071393,
Sat Jun 09 14:58:21 GMT+03:00 2018,09-Jun-2018 14:58:20.197,23.1858286,61.24288076,0.0,3.216,117.0,0.0,-9.69470215,-0.48565674,-1.40501404,0.00037438,
Sat Jun 09 14:58:22 GMT+03:00 2018,09-Jun-2018 14:58:21.197,23.18582752,61.24288134,0.0,3.216,117.0,0.0,-9.68962097,-0.46647644,-1.39193726,-0.00044958,
Sat Jun 09 14:58:23 GMT+03:00 2018,09-Jun-2018 14:58:22.198,23.18582561,61.24288206,0.0,3.216,117.0,0.0,-9.69180298,-0.47846985,-1.39837646,-0.00005049,
Sat Jun 09 14:58:24 GMT+03:00 2018,09-Jun-2018 14:58:23.197,23.18582211,61.2428835,0.0,3.216,117.0,0.0,-9.68222046,-0.46897888,-1.38476562,-0.00142257,
Sat Jun 09 14:58:25 GMT+03:00 2018,09-Jun-2018 14:58:24.197,23.18582002,61.24288399,0.0,3.216,117.0,0.0,-9.6894989,-0.47680664,-1.3795166,-0.00056338,
Sat Jun 09 14:58:26 GMT+03:00 2018,09-Jun-2018 14:58:25.198,23.18581911,61.24288379,0.0,3.216,117.0,0.0,-9.68519592,-0.47138977,-1.37564087,-0.00095257,
Sat Jun 09 14:58:27 GMT+03:00 2018,09-Jun-2018 14:58:26.197,23.18581866,61.2428839,0.0,3.216,117.0,0.0,-9.68556213,-0.46783447,-1.37388611,-0.00108498,
Sat Jun 09 14:58:28 GMT+03:00 2018,09-Jun-2018 14:58:27.197,23.18581869,61.24288391,0.0,3.216,117.0,0.0,-9.69000244,-0.4697113,-1.37631226,-0.00075462,
Sat Jun 09 14:58:29 GMT+03:00 2018,09-Jun-2018 14:58:28.199,23.1858187,61.24288389,0.0,3.216,117.0,0.0,-9.68978882,-0.47735596,-1.37657166,-0.00057369,
Sat Jun 09 14:58:30 GMT+03:00 2018,09-Jun-2018 14:58:29.197,23.18581867,61.24288387,0.0,3.216,117.0,0.0,-9.69119263,-0.46842957,-1.36662292,-0.00031948,
Sat Jun 09 14:58:31 GMT+03:00 2018,09-Jun-2018 14:58:30.197,23.18581866,61.24288386,0.0,3.216,117.0,0.0,-9.69236755,-0.47236633,-1.3666687,-0.00047964,
Sat Jun 09 14:58:32 GMT+03:00 2018,09-Jun-2018 14:58:31.202,23.18581867,61.24288384,0.0,3.216,117.0,0.0,-9.69673157,-0.46942139,-1.35874939,-0.00026329,
Sat Jun 09 14:58:33 GMT+03:00 2018,09-Jun-2018 14:58:32.197,23.18581866,61.24288382,0.0,3.216,117.0,0.0,-9.69029236,-0.46865845,-1.36343384,-0.00075299,
Sat Jun 09 14:58:34 GMT+03:00 2018,09-Jun-2018 14:58:33.197,23.18581864,61.24288382,0.0,3.216,117.0,0.0,-9.70155334,-0.47293091,-1.36830139,0.00000629,
Sat Jun 09 14:58:35 GMT+03:00 2018,09-Jun-2018 14:58:34.197,23.18581862,61.2428838,0.0,3.216,117.0,0.0,-9.69429016,-0.46601868,-1.35791016,-0.0004409,
Sat Jun 09 14:58:36 GMT+03:00 2018,09-Jun-2018 14:58:35.197,23.18581859,61.2428838,0.0,3.216,117.0,0.0,-9.77061462,-0.92663574,-1.49633789,-0.00140545,
Sat Jun 09 14:58:37 GMT+03:00 2018,09-Jun-2018 14:58:36.198,23.1858186,61.24288378,0.0,3.216,117.0,0.0,-9.67541504,-0.4740448,-1.33944702,-0.00256437,
Sat Jun 09 14:58:38 GMT+03:00 2018,09-Jun-2018 14:58:37.197,23.18581859,61.24288376,0.0,3.216,117.0,0.0,-9.71073914,-0.48277283,-1.31842041,0.00004171,
Sat Jun 09 14:58:39 GMT+03:00 2018,09-Jun-2018 14:58:38.198,23.18581859,61.24288376,0.0,3.216,117.0,0.0,-9.66423035,0.22807312,-0.74038696,-0.01112235,
Sat Jun 09 14:58:40 GMT+03:00 2018,09-Jun-2018 14:58:39.197,23.18581859,61.24288373,0.0,3.216,117.0,0.0,-5.9370575,2.44703674,9.79312134,0.01943223,
Sat Jun 09 14:58:41 GMT+03:00 2018,09-Jun-2018 14:58:40.198,23.18581861,61.24288373,0.0,3.216,117.0,0.0,-0.81404114,6.21214294,7.483078,-0.00456071,
Sat Jun 09 14:58:42 GMT+03:00 2018,09-Jun-2018 14:58:41.198,23.18581866,61.24288372,0.0,3.216,117.0,0.0,-0.74508667,9.30957031,2.97967529,0.01804602,
Sat Jun 09 14:58:43 GMT+03:00 2018,09-Jun-2018 14:58:42.197,23.18581868,61.2428837,0.0,3.216,117.0,0.0,-0.31098938,9.50039673,3.37728882,0.02887756,
Sat Jun 09 14:58:44 GMT+03:00 2018,09-Jun-2018 14:58:43.198,23.18581868,61.24288369,0.0,3.216,117.0,0.0,-4.56433105,4.39170837,6.68536377,-0.0677668,
Sat Jun 09 14:58:45 GMT+03:00 2018,09-Jun-2018 14:58:44.198,23.18581871,61.24288369,0.0,3.216,117.0,0.0,-8.56207275,1.42100525,3.69750977,-0.03775394,
Sat Jun 09 14:58:46 GMT+03:00 2018,09-Jun-2018 14:58:45.197,23.18581861,61.2428837,0.0,3.216,117.0,0.0,-9.15100098,1.86213684,2.23815918,-0.00600033,
Sat Jun 09 14:58:47 GMT+03:00 2018,09-Jun-2018 14:58:46.198,23.18581859,61.24288368,0.0,3.216,117.0,0.0,-9.42492676,1.43043518,1.82347107,-0.01005632,
Sat Jun 09 14:58:48 GMT+03:00 2018,09-Jun-2018 14:58:47.197,23.1858186,61.24288367,0.0,3.216,117.0,0.0,-9.46723938,1.46496582,1.55819702,0.00226668,
Sat Jun 09 14:58:49 GMT+03:00 2018,09-Jun-2018 14:58:48.197,23.18581851,61.2428837,0.0,3.216,117.0,0.0,-9.65496826,1.40101624,1.46534729,0.00623626,
Sat Jun 09 14:58:50 GMT+03:00 2018,09-Jun-2018 14:58:49.198,23.1858185,61.24288368,0.0,3.216,117.0,0.0,-9.62417603,1.4815979,1.54240417,0.00556654,
Sat Jun 09 14:58:51 GMT+03:00 2018,09-Jun-2018 14:58:50.197,23.18581943,61.24288407,0.32,3.216,117.0,318.7,1.37593079,9.77574158,3.02629089,0.06748887,
Sat Jun 09 14:58:52 GMT+03:00 2018,09-Jun-2018 14:58:51.198,23.18582073,61.24287576,0.0,3.216,118.0,0.0,-0.63671875,9.7832489,1.19107056,0.00730783,
Sat Jun 09 14:58:53 GMT+03:00 2018,09-Jun-2018 14:58:52.198,23.18581921,61.24287221,0.0,3.216,118.0,0.0,-1.33007812,9.51852417,2.33053589,0.02452531,
Sat Jun 09 14:58:54 GMT+03:00 2018,09-Jun-2018 14:58:53.197,23.18581832,61.2428708,0.0,3.216,118.0,0.0,2.69384766,10.11949158,1.34118652,0.02926853,
Sat Jun 09 14:58:55 GMT+03:00 2018,09-Jun-2018 14:58:54.198,23.18581767,61.24286994,0.0,3.216,118.0,0.0,4.24583435,4.54899597,8.2434845,0.05341905,
Sat Jun 09 14:58:56 GMT+03:00 2018,09-Jun-2018 14:58:55.197,23.18581792,61.24286925,0.0,3.216,118.0,0.0,8.12094116,0.44535828,3.28556824,0.04406323,
Sat Jun 09 14:58:57 GMT+03:00 2018,09-Jun-2018 14:58:56.198,23.18581764,61.24286921,0.0,3.216,118.0,0.0,9.21600342,0.68449402,1.34500122,-0.04746091,
Sat Jun 09 14:58:58 GMT+03:00 2018,09-Jun-2018 14:58:57.197,23.18581899,61.24286834,0.0,3.216,118.0,0.0,9.7177887,0.61270142,1.52693176,0.005274,
Sat Jun 09 14:58:59 GMT+03:00 2018,09-Jun-2018 14:58:58.197,23.18582192,61.24286801,0.0,3.216,119.0,0.0,9.67770386,0.43218994,1.49887085,-0.00017571,
Sat Jun 09 14:59:00 GMT+03:00 2018,09-Jun-2018 14:58:59.198,23.18582365,61.24286726,0.0,3.216,119.0,0.0,9.67131042,0.40046692,1.27583313,-0.0040251,
Sat Jun 09 14:59:01 GMT+03:00 2018,09-Jun-2018 14:59:00.198,23.1858262,61.24286622,0.0,3.216,119.0,0.0,9.71316528,0.45489502,1.09436035,-0.00412319,
Sat Jun 09 14:59:02 GMT+03:00 2018,09-Jun-2018 14:59:01.199,23.18582777,61.24286587,0.0,3.216,119.0,0.0,0.24293518,-2.2905426,10.24694824,-0.03831858,
Sat Jun 09 14:59:03 GMT+03:00 2018,09-Jun-2018 14:59:02.198,23.18582821,61.24286565,0.0,3.216,119.0,0.0,-1.99342346,0.73460388,9.4569397,-0.01138765,
Sat Jun 09 14:59:04 GMT+03:00 2018,09-Jun-2018 14:59:03.197,23.18582862,61.24286557,0.0,3.216,119.0,0.0,-2.01271057,0.70932007,9.49937439,-0.00529622,
Sat Jun 09 14:59:05 GMT+03:00 2018,09-Jun-2018 14:59:04.197,23.1858288,61.24286555,0.0,3.216,119.0,0.0,-2.05981445,0.73506165,9.49699402,-0.00599164,
Sat Jun 09 14:59:06 GMT+03:00 2018,09-Jun-2018 14:59:05.197,23.18582875,61.2428656,0.0,3.216,119.0,0.0,-2.12985229,0.73852539,9.4908905,-0.00503683,
Sat Jun 09 14:59:07 GMT+03:00 2018,09-Jun-2018 14:59:06.199,23.18582865,61.24286562,0.0,3.216,119.0,0.0,-2.1027832,0.72253418,9.47659302,-0.00693696,
Sat Jun 09 14:59:08 GMT+03:00 2018,09-Jun-2018 14:59:07.198,23.18582853,61.24286566,0.0,3.216,119.0,0.0,-2.1086731,0.72122192,9.5007782,-0.00505544,
Sat Jun 09 14:59:09 GMT+03:00 2018,09-Jun-2018 14:59:08.197,23.18582847,61.24286569,0.0,3.216,119.0,0.0,-2.13290405,0.7492218,9.39642334,-0.00604005,
Sat Jun 09 14:59:10 GMT+03:00 2018,09-Jun-2018 14:59:09.198,23.18582849,61.2428657,0.0,3.216,119.0,0.0,-2.15254211,0.73396301,9.51347351,-0.00232559,
Sat Jun 09 14:59:11 GMT+03:00 2018,09-Jun-2018 14:59:10.198,23.18582851,61.24286571,0.0,3.216,119.0,0.0,-2.26040649,0.78359985,9.37443542,-0.00642428,
Sat Jun 09 14:59:12 GMT+03:00 2018,09-Jun-2018 14:59:11.198,23.18582856,61.24286571,0.0,3.216,119.0,0.0,-2.26419067,0.77096558,9.51263428,0.00044703,
Sat Jun 09 14:59:13 GMT+03:00 2018,09-Jun-2018 14:59:12.199,23.18582858,61.24286571,0.0,3.216,119.0,0.0,-2.32304382,0.78643799,9.43743896,-0.00625108,
Sat Jun 09 14:59:14 GMT+03:00 2018,09-Jun-2018 14:59:13.199,23.1858286,61.24286572,0.0,3.216,119.0,0.0,-2.45999146,0.91149902,9.3863678,-0.00604538,
Sat Jun 09 14:59:15 GMT+03:00 2018,09-Jun-2018 14:59:14.198,23.18582864,61.24286571,0.0,3.216,119.0,0.0,-2.45465088,0.89323425,9.37901306,-0.00646834,
Sat Jun 09 14:59:16 GMT+03:00 2018,09-Jun-2018 14:59:15.198,23.18582869,61.2428657,0.0,3.216,119.0,0.0,-2.43356323,0.88877869,9.40139771,-0.00535172,
Sat Jun 09 14:59:17 GMT+03:00 2018,09-Jun-2018 14:59:16.198,23.18582871,61.24286571,0.0,3.216,119.0,0.0,-2.3855896,0.88795471,9.40092468,-0.00661498,
Sat Jun 09 14:59:18 GMT+03:00 2018,09-Jun-2018 14:59:17.198,23.18582875,61.24286572,0.0,3.216,119.0,0.0,-2.48945618,0.90788269,9.38641357,-0.00520557,
Sat Jun 09 14:59:19 GMT+03:00 2018,09-Jun-2018 14:59:18.198,23.18582876,61.24286573,0.0,3.216,119.0,0.0,-2.45628357,0.9055481,9.42300415,-0.00249213,
Sat Jun 09 14:59:20 GMT+03:00 2018,09-Jun-2018 14:59:19.198,23.18582876,61.24286573,0.0,3.216,119.0,0.0,-2.52285767,0.90473938,9.38786316,-0.00543936,
Sat Jun 09 14:59:21 GMT+03:00 2018,09-Jun-2018 14:59:20.197,23.18582877,61.24286573,0.0,3.216,119.0,0.0,-2.53048706,0.8822937,9.40089417,-0.00294948,
Sat Jun 09 14:59:22 GMT+03:00 2018,09-Jun-2018 14:59:21.199,23.18582876,61.24286573,0.0,3.216,119.0,0.0,-2.48986816,0.90060425,9.38824463,-0.00580326,
Sat Jun 09 14:59:23 GMT+03:00 2018,09-Jun-2018 14:59:22.198,23.18582878,61.24286573,0.0,3.216,119.0,0.0,-2.51196289,0.86825562,9.37123108,-0.0064742,
Sat Jun 09 14:59:24 GMT+03:00 2018,09-Jun-2018 14:59:23.199,23.1858288,61.24286572,0.0,3.216,119.0,0.0,-2.57867432,0.94761658,9.31288147,-0.00059928,
Sat Jun 09 14:59:25 GMT+03:00 2018,09-Jun-2018 14:59:24.197,23.18582882,61.24286569,0.0,3.216,119.0,0.0,8.07650757,1.10650635,7.91433716,0.15876466,
Sat Jun 09 14:59:26 GMT+03:00 2018,09-Jun-2018 14:59:25.198,23.18582882,61.24286569,0.0,3.216,119.0,0.0,7.68978882,1.70080566,4.68121338,-0.06549448,
Sat Jun 09 14:59:27 GMT+03:00 2018,09-Jun-2018 14:59:26.199,23.18582883,61.24286569,0.0,3.216,119.0,0.0,9.59356689,0.37306213,4.27670288,0.01134706,
Sat Jun 09 14:59:28 GMT+03:00 2018,09-Jun-2018 14:59:27.198,23.18582889,61.24286568,0.0,3.216,119.0,0.0,7.82272339,-0.2661438,5.76580811,-0.00902797,
Sat Jun 09 14:59:29 GMT+03:00 2018,09-Jun-2018 14:59:28.198,23.18582898,61.24286567,0.0,3.216,119.0,0.0,5.76954651,0.60089111,3.69429016,-0.02904581,
Sat Jun 09 14:59:30 GMT+03:00 2018,09-Jun-2018 14:59:29.198,23.18582835,61.24286693,0.0,3.216,119.0,0.0,9.75622559,-0.21911621,2.91461182,-0.00922878,
Sat Jun 09 14:59:31 GMT+03:00 2018,09-Jun-2018 14:59:30.196,23.18582996,61.24286813,0.0,3.216,119.0,0.0,9.38587952,0.23242188,1.77322388,-0.00818121,
Sat Jun 09 14:59:32 GMT+03:00 2018,09-Jun-2018 14:59:31.199,23.18583382,61.24286751,0.0,3.216,119.0,0.0,9.37615967,0.33061218,2.0625,-0.02021664,
Sat Jun 09 14:59:33 GMT+03:00 2018,09-Jun-2018 14:59:32.197,23.1858361,61.2428665,0.0,3.216,119.0,0.0,9.46842957,0.10369873,2.20135498,-0.00844312,
Sat Jun 09 14:59:34 GMT+03:00 2018,09-Jun-2018 14:59:33.199,23.18583735,61.24286633,0.0,3.216,120.0,0.0,9.87397766,0.03355408,2.07261658,-0.00159247,
Sat Jun 09 14:59:35 GMT+03:00 2018,09-Jun-2018 14:59:34.199,23.18583623,61.2428674,0.0,3.216,120.0,0.0,9.29734802,0.11329651,2.40696716,-0.00924679,
Sat Jun 09 14:59:36 GMT+03:00 2018,09-Jun-2018 14:59:35.200,23.18583657,61.24286881,0.0,3.216,120.0,0.0,9.3578949,0.14151001,2.44259644,-0.01344365,
Sat Jun 09 14:59:37 GMT+03:00 2018,09-Jun-2018 14:59:36.200,23.18583635,61.24287006,0.0,3.216,120.0,0.0,9.37310791,0.14157104,2.31776428,-0.00693808,
Sat Jun 09 14:59:38 GMT+03:00 2018,09-Jun-2018 14:59:37.199,23.18583795,61.2428705,0.0,3.216,120.0,0.0,9.44424438,0.09230042,2.48890686,-0.00379288,
Sat Jun 09 14:59:39 GMT+03:00 2018,09-Jun-2018 14:59:38.197,23.18584038,61.24287242,0.0,3.216,121.0,0.0,9.2668457,0.14730835,2.39816284,-0.0066162,
Sat Jun 09 14:59:40 GMT+03:00 2018,09-Jun-2018 14:59:39.199,23.18584418,61.24287514,0.0,3.216,121.0,0.0,9.35762024,0.15046692,2.44970703,-0.01327366,
Sat Jun 09 14:59:41 GMT+03:00 2018,09-Jun-2018 14:59:40.198,23.18584606,61.242877,0.0,3.216,121.0,0.0,9.52101135,0.09359741,2.5188446,-0.00507782,
Sat Jun 09 14:59:42 GMT+03:00 2018,09-Jun-2018 14:59:41.197,23.18584797,61.24287792,0.0,3.216,121.0,0.0,9.3717804,0.15504456,2.35253906,-0.014328,
Sat Jun 09 14:59:43 GMT+03:00 2018,09-Jun-2018 14:59:42.199,23.18584987,61.24287889,0.0,3.216,121.0,0.0,9.48240662,-0.02758789,2.59251404,-0.00670875,
Sat Jun 09 14:59:44 GMT+03:00 2018,09-Jun-2018 14:59:43.198,23.18585038,61.2428801,0.0,3.216,121.0,0.0,9.32591248,0.17033386,2.33927917,-0.01916504,
Sat Jun 09 14:59:45 GMT+03:00 2018,09-Jun-2018 14:59:44.198,23.18585103,61.24288049,0.0,3.216,121.0,0.0,9.30900574,0.09449768,2.47544861,-0.01120809,
Sat Jun 09 14:59:46 GMT+03:00 2018,09-Jun-2018 14:59:45.199,23.18585036,61.24288102,0.0,3.216,121.0,0.0,9.25227356,0.00221252,2.52116394,-0.02188808,
Sat Jun 09 14:59:47 GMT+03:00 2018,09-Jun-2018 14:59:46.198,23.1858502,61.24288125,0.0,3.216,121.0,0.0,9.38375854,0.04644775,2.47319031,-0.01019645,
Sat Jun 09 14:59:48 GMT+03:00 2018,09-Jun-2018 14:59:47.198,23.18585146,61.24288082,0.0,3.216,121.0,0.0,9.46458435,-0.04849243,2.50027466,-0.00503299,
Sat Jun 09 14:59:49 GMT+03:00 2018,09-Jun-2018 14:59:48.198,23.18585358,61.2428803,0.0,3.216,121.0,0.0,9.36087036,0.02528381,2.48217773,-0.01222593,
Sat Jun 09 14:59:50 GMT+03:00 2018,09-Jun-2018 14:59:49.198,23.18585454,61.24288033,0.0,3.216,121.0,0.0,9.37696838,0.00808716,2.47059631,-0.00945151,
Sat Jun 09 14:59:51 GMT+03:00 2018,09-Jun-2018 14:59:50.198,23.18585537,61.24288039,0.0,3.216,121.0,0.0,9.51286316,-0.04034424,2.52708435,-0.00674249,
Sat Jun 09 14:59:52 GMT+03:00 2018,09-Jun-2018 14:59:51.197,23.18585585,61.24288035,0.0,3.216,121.0,0.0,9.36773682,-0.00839233,2.51663208,-0.00914293,
Sat Jun 09 14:59:53 GMT+03:00 2018,09-Jun-2018 14:59:52.199,23.18585605,61.24288035,0.0,3.216,121.0,0.0,9.31387329,0.03291321,2.48916626,-0.01666981,
Sat Jun 09 14:59:54 GMT+03:00 2018,09-Jun-2018 14:59:53.198,23.18585613,61.24288033,0.0,3.216,121.0,0.0,9.43232727,0.06556702,2.47137451,-0.00536186,
Sat Jun 09 14:59:55 GMT+03:00 2018,09-Jun-2018 14:59:54.200,23.18585614,61.24288033,0.0,3.216,121.0,0.0,8.84773254,-0.28666687,1.31886292,-0.03032491,
Sat Jun 09 14:59:56 GMT+03:00 2018,09-Jun-2018 14:59:55.199,23.18585613,61.24288032,0.0,3.216,121.0,0.0,8.94813538,-0.6569519,2.69396973,-0.04448617,
Sat Jun 09 14:59:57 GMT+03:00 2018,09-Jun-2018 14:59:56.199,23.18585609,61.24288032,0.0,3.216,121.0,0.0,9.4781189,-1.03408813,2.69358826,-0.00473853,
Sat Jun 09 14:59:58 GMT+03:00 2018,09-Jun-2018 14:59:57.198,23.18585608,61.24288033,0.0,3.216,121.0,0.0,9.59815979,-1.29905701,2.35461426,0.0166592,
Sat Jun 09 14:59:59 GMT+03:00 2018,09-Jun-2018 14:59:58.198,23.18585604,61.24288033,0.0,3.216,121.0,0.0,8.88348389,1.67901611,2.63583374,0.00578233,
Sat Jun 09 15:00:00 GMT+03:00 2018,09-Jun-2018 14:59:59.199,23.1858534,61.24287935,0.31,3.216,121.0,351.3,-4.14512634,5.40527344,6.67832947,0.08247839,
Sat Jun 09 15:00:01 GMT+03:00 2018,09-Jun-2018 15:00:00.198,23.18585401,61.24287641,0.18,3.216,121.0,207.7,-7.98167419,3.49874878,2.70713806,-0.06918675,
Sat Jun 09 15:00:02 GMT+03:00 2018,09-Jun-2018 15:00:01.198,23.185858,61.24287204,0.0,3.216,120.0,0.0,-9.17407227,0.45071411,3.67170715,0.00891751,
Sat Jun 09 15:00:03 GMT+03:00 2018,09-Jun-2018 15:00:02.197,23.18585592,61.2428725,0.0,3.216,121.0,0.0,-10.16470337,-1.72862244,2.54866028,0.00046922,
Sat Jun 09 15:00:04 GMT+03:00 2018,09-Jun-2018 15:00:03.199,23.18585647,61.24287123,0.31,3.216,120.0,335.7,-9.54672241,-0.23526001,2.05700684,0.00135529,
Sat Jun 09 15:00:05 GMT+03:00 2018,09-Jun-2018 15:00:04.197,23.1858639,61.24286902,0.0,3.216,120.0,0.0,-9.66326904,-0.41967773,1.27940369,-0.00486404,
Sat Jun 09 15:00:06 GMT+03:00 2018,09-Jun-2018 15:00:05.196,23.18586509,61.24286842,0.0,3.216,119.0,0.0,-9.40995789,-0.25132751,2.31518555,-0.0031129,
Sat Jun 09 15:00:07 GMT+03:00 2018,09-Jun-2018 15:00:06.197,23.18586644,61.24286938,0.0,3.216,119.0,0.0,-9.58831787,-0.61793518,2.75201416,0.01939029,
Sat Jun 09 15:00:08 GMT+03:00 2018,09-Jun-2018 15:00:07.197,23.18586626,61.24287128,0.17,3.216,119.0,334.6,-9.48446655,-0.39222717,2.49684143,-0.00439387,
Sat Jun 09 15:00:09 GMT+03:00 2018,09-Jun-2018 15:00:08.197,23.18586477,61.24287239,0.0,3.216,120.0,0.0,-9.44396973,-0.39212036,2.80838013,0.00572377,
Sat Jun 09 15:00:10 GMT+03:00 2018,09-Jun-2018 15:00:09.196,23.18586052,61.24287541,0.0,3.216,120.0,0.0,-9.26878357,-0.11650085,2.83132935,-0.01142305,
Sat Jun 09 15:00:11 GMT+03:00 2018,09-Jun-2018 15:00:10.197,23.18585544,61.24287792,0.0,3.216,119.0,0.0,-8.94949341,0.38201904,3.25820923,-0.00153105,
Sat Jun 09 15:00:12 GMT+03:00 2018,09-Jun-2018 15:00:11.198,23.18585554,61.24287967,0.0,3.216,119.0,0.0,-9.27236938,-0.33285522,3.57899475,0.01430637,
Sat Jun 09 15:00:13 GMT+03:00 2018,09-Jun-2018 15:00:12.199,23.18585305,61.24288069,0.29,3.216,118.0,329.2,-7.87652588,0.295578,4.66506958,-0.02094753,
Sat Jun 09 15:00:14 GMT+03:00 2018,09-Jun-2018 15:00:13.196,23.18584967,61.24288217,0.0,3.216,118.0,0.0,-10.19508362,-0.66790771,-0.04840088,0.04207033,
Sat Jun 09 15:00:15 GMT+03:00 2018,09-Jun-2018 15:00:14.197,23.18584986,61.24288268,0.0,3.216,118.0,0.0,-9.49281311,-0.05679321,-1.12844849,0.00703064,
Sat Jun 09 15:00:16 GMT+03:00 2018,09-Jun-2018 15:00:15.197,23.18585179,61.24288017,0.0,3.216,117.0,0.0,-9.73579407,-0.01925659,-0.97572327,-0.00201416,
Sat Jun 09 15:00:17 GMT+03:00 2018,09-Jun-2018 15:00:16.196,23.18585429,61.24287904,0.0,3.216,117.0,0.0,-9.80899048,-0.11206055,-0.73320007,-0.00563388,
Sat Jun 09 15:00:18 GMT+03:00 2018,09-Jun-2018 15:00:17.197,23.18585515,61.24287668,0.0,3.216,117.0,0.0,-9.84811401,-0.35217285,-1.17567444,0.01222724,
Sat Jun 09 15:00:19 GMT+03:00 2018,09-Jun-2018 15:00:18.198,23.18585524,61.24287541,0.0,3.216,117.0,0.0,-9.68873596,-0.43731689,-1.24661255,-0.00170638,
Sat Jun 09 15:00:25 GMT+03:00 2018,09-Jun-2018 15:00:24.197,23.18585221,61.24286961,0.0,3.216,116.0,0.0,-10.09880066,-0.61601257,-0.96881104,0.00600825,
Sat Jun 09 15:00:26 GMT+03:00 2018,09-Jun-2018 15:00:25.198,23.18585061,61.2428674,0.0,3.216,116.0,0.0,-9.83111572,-0.33001709,-0.41716003,0.00419492,
Sat Jun 09 15:00:27 GMT+03:00 2018,09-Jun-2018 15:00:26.197,23.18585021,61.24286485,0.0,3.216,117.0,0.0,-9.74499512,-0.14770508,-0.66679382,0.00170554,
Sat Jun 09 15:00:28 GMT+03:00 2018,09-Jun-2018 15:00:27.199,23.18585218,61.24286291,0.0,3.216,117.0,0.0,-9.78167725,-0.14938354,-0.37825012,-0.00144911,
Sat Jun 09 15:00:29 GMT+03:00 2018,09-Jun-2018 15:00:28.197,23.18585163,61.24286026,0.0,3.216,118.0,0.0,-11.23014832,-1.00527954,1.5536499,0.05723323,
Sat Jun 09 15:00:30 GMT+03:00 2018,09-Jun-2018 15:00:29.197,23.1858485,61.24286112,0.0,3.216,118.0,0.0,-9.8212738,0.08172607,-0.87898254,0.00576192,
Sat Jun 09 15:00:31 GMT+03:00 2018,09-Jun-2018 15:00:30.197,23.18584542,61.24286303,0.0,3.216,118.0,0.0,-9.87115479,-0.54396057,-0.65339661,-0.0063289,
Sat Jun 09 15:00:32 GMT+03:00 2018,09-Jun-2018 15:00:31.198,23.18584329,61.24286349,0.0,3.216,118.0,0.0,-9.89041138,-0.49349976,-0.69546509,0.01251417,
Sat Jun 09 15:00:33 GMT+03:00 2018,09-Jun-2018 15:00:32.197,23.18584127,61.2428637,0.0,3.216,118.0,0.0,-9.71374512,0.07463074,0.00126648,0.00302079,
Sat Jun 09 15:00:34 GMT+03:00 2018,09-Jun-2018 15:00:33.208,23.18584025,61.24286404,0.0,3.216,118.0,0.0,-9.73347473,-0.46801758,-1.54631042,0.0063507,
Sat Jun 09 15:00:35 GMT+03:00 2018,09-Jun-2018 15:00:34.198,23.18583975,61.24286412,0.0,3.216,118.0,0.0,-9.66984558,-0.46995544,-1.3971405,-0.00149328,
Sat Jun 09 15:00:36 GMT+03:00 2018,09-Jun-2018 15:00:35.201,23.18583955,61.24286407,0.0,3.216,118.0,0.0,-9.7052002,-0.46688843,-1.43389893,0.00176495,
Sat Jun 09 15:00:37 GMT+03:00 2018,09-Jun-2018 15:00:36.199,23.18583947,61.24286403,0.0,3.216,118.0,0.0,-9.67944336,-0.47369385,-1.43632507,0.00002418,
Sat Jun 09 15:00:38 GMT+03:00 2018,09-Jun-2018 15:00:37.197,23.1858394,61.24286399,0.0,3.216,118.0,0.0,-9.69030762,-0.48736572,-1.45214844,0.00064009,
Sat Jun 09 15:00:39 GMT+03:00 2018,09-Jun-2018 15:00:38.198,23.18583936,61.24286396,0.0,3.216,118.0,0.0,-9.71047974,-0.48193359,-1.454422,0.00053236,
Sat Jun 09 15:00:40 GMT+03:00 2018,09-Jun-2018 15:00:39.198,23.18583933,61.24286393,0.0,3.216,118.0,0.0,-9.59825134,-0.45004272,-1.40119934,-0.00957388,
Sat Jun 09 15:00:41 GMT+03:00 2018,09-Jun-2018 15:00:40.198,23.18583932,61.24286392,0.0,3.216,118.0,0.0,-9.72697449,-0.47860718,-1.4465332,0.00047547,
Sat Jun 09 15:00:42 GMT+03:00 2018,09-Jun-2018 15:00:41.197,23.1858393,61.24286391,0.0,3.216,118.0,0.0,-9.67301941,-0.46287537,-1.44711304,-0.00129765,
Sat Jun 09 15:00:43 GMT+03:00 2018,09-Jun-2018 15:00:42.197,23.18583925,61.24286392,0.0,3.216,118.0,0.0,-9.67097473,-0.47210693,-1.44036865,-0.00136457,
Sat Jun 09 15:00:44 GMT+03:00 2018,09-Jun-2018 15:00:43.197,23.18583921,61.24286391,0.0,3.216,118.0,0.0,-9.68241882,-0.48654175,-1.44546509,-0.00025904,
Sat Jun 09 15:00:45 GMT+03:00 2018,09-Jun-2018 15:00:44.199,23.1858392,61.24286388,0.0,3.216,118.0,0.0,-9.70391846,-0.52503967,-1.44355774,-0.00111529,
Sat Jun 09 15:00:46 GMT+03:00 2018,09-Jun-2018 15:00:45.201,23.1858392,61.24286385,0.0,3.216,118.0,0.0,-9.66877747,-0.43980408,-1.45509338,-0.00171262,
Sat Jun 09 15:00:47 GMT+03:00 2018,09-Jun-2018 15:00:46.198,23.1858392,61.24286384,0.0,3.216,118.0,0.0,-9.67765808,-0.4780426,-1.44885254,-0.0009048,
Sat Jun 09 15:00:48 GMT+03:00 2018,09-Jun-2018 15:00:47.198,23.18583916,61.24286384,0.0,3.216,118.0,0.0,-9.65287781,-0.48999023,-1.43005371,-0.00344712,
Sat Jun 09 15:00:49 GMT+03:00 2018,09-Jun-2018 15:00:48.197,23.18583912,61.24286384,0.0,3.216,118.0,0.0,-9.68173218,-0.45188904,-1.46633911,-0.00072214,
Sat Jun 09 15:00:50 GMT+03:00 2018,09-Jun-2018 15:00:49.200,23.18583908,61.24286382,0.0,3.216,118.0,0.0,-9.60072327,-0.5279541,-1.38278198,-0.00919402,
Sat Jun 09 15:00:51 GMT+03:00 2018,09-Jun-2018 15:00:50.198,23.18583905,61.24286379,0.0,3.216,118.0,0.0,-9.66749573,-0.45146179,-1.44108582,-0.00152086,
Sat Jun 09 15:00:52 GMT+03:00 2018,09-Jun-2018 15:00:51.198,23.18583899,61.24286377,0.0,3.216,118.0,0.0,-9.66018677,-0.47337341,-1.43336487,-0.00274509,
Sat Jun 09 15:00:53 GMT+03:00 2018,09-Jun-2018 15:00:52.198,23.1858389,61.24286376,0.0,3.216,118.0,0.0,-9.71221924,-0.43557739,-1.4571991,-0.00092322,
Sat Jun 09 15:00:54 GMT+03:00 2018,09-Jun-2018 15:00:53.199,23.18583881,61.24286378,0.0,3.216,118.0,0.0,-9.64035034,-0.50286865,-1.51264954,-0.00337332,
Sat Jun 09 15:00:55 GMT+03:00 2018,09-Jun-2018 15:00:54.199,23.18583876,61.24286379,0.0,3.216,118.0,0.0,-9.73262024,-0.52340698,-1.47415161,0.00077316,
Sat Jun 09 15:00:56 GMT+03:00 2018,09-Jun-2018 15:00:55.197,23.1858387,61.24286376,0.0,3.216,118.0,0.0,-9.64530945,-0.36779785,-1.40986633,-0.0050562,
Sat Jun 09 15:00:57 GMT+03:00 2018,09-Jun-2018 15:00:56.197,23.18583866,61.24286374,0.0,3.216,118.0,0.0,-9.71066284,-0.52163696,-1.42193604,-0.00054303,
Sat Jun 09 15:00:58 GMT+03:00 2018,09-Jun-2018 15:00:57.198,23.18583864,61.24286373,0.0,3.216,118.0,0.0,-9.7052002,-0.27612305,-1.39544678,0.00046402,
Sat Jun 09 15:00:59 GMT+03:00 2018,09-Jun-2018 15:00:58.197,23.18583862,61.24286373,0.0,3.216,118.0,0.0,-9.68930054,-0.56439209,-1.43530273,-0.00122479,
Sat Jun 09 15:01:00 GMT+03:00 2018,09-Jun-2018 15:00:59.198,23.18583858,61.24286375,0.0,3.216,118.0,0.0,-9.68757629,-0.44004822,-1.4356842,-0.00011009,
Sat Jun 09 15:01:01 GMT+03:00 2018,09-Jun-2018 15:01:00.198,23.18583854,61.24286376,0.0,3.216,118.0,0.0,-9.68170166,-0.50227356,-1.43235779,-0.0009241,
Sat Jun 09 15:01:02 GMT+03:00 2018,09-Jun-2018 15:01:01.197,23.18583847,61.24286377,0.0,3.216,118.0,0.0,-9.68009949,-0.45758057,-1.43441772,-0.00080031,
Sat Jun 09 15:01:03 GMT+03:00 2018,09-Jun-2018 15:01:02.198,23.18583841,61.24286376,0.0,3.216,118.0,0.0,-9.68647766,-0.49420166,-1.42959595,0.00000586,
Sat Jun 09 15:01:04 GMT+03:00 2018,09-Jun-2018 15:01:03.197,23.18583837,61.24286376,0.0,3.216,118.0,0.0,-9.67337036,-0.47109985,-1.42764282,-0.00151366,
Sat Jun 09 15:01:05 GMT+03:00 2018,09-Jun-2018 15:01:04.198,23.18583834,61.24286376,0.0,3.216,118.0,0.0,-9.66964722,-0.4881134,-1.42515564,-0.00176157,
Sat Jun 09 15:01:06 GMT+03:00 2018,09-Jun-2018 15:01:05.197,23.18583833,61.24286376,0.0,3.216,118.0,0.0,-9.67697144,-0.47383118,-1.43112183,-0.00108576,
Sat Jun 09 15:01:07 GMT+03:00 2018,09-Jun-2018 15:01:06.198,23.18583833,61.24286375,0.0,3.216,118.0,0.0,-9.67358398,-0.48712158,-1.43011475,-0.00139929,
Sat Jun 09 15:01:08 GMT+03:00 2018,09-Jun-2018 15:01:07.198,23.18583833,61.24286374,0.0,3.216,118.0,0.0,-9.67526245,-0.48054504,-1.43031311,-0.00123656,
Sat Jun 09 15:01:09 GMT+03:00 2018,09-Jun-2018 15:01:08.201,23.18583835,61.24286372,0.0,3.216,118.0,0.0,-9.67858887,-0.4813385,-1.42399597,-0.00123288,
Sat Jun 09 15:01:10 GMT+03:00 2018,09-Jun-2018 15:01:09.198,23.18583838,61.24286368,0.0,3.216,118.0,0.0,-9.67401123,-0.4810791,-1.42041016,-0.00150692,
Sat Jun 09 15:01:11 GMT+03:00 2018,09-Jun-2018 15:01:10.204,23.18583838,61.24286366,0.0,3.216,118.0,0.0,-9.67375183,-0.47802734,-1.42704773,-0.0011797,
Sat Jun 09 15:01:12 GMT+03:00 2018,09-Jun-2018 15:01:11.198,23.18583839,61.24286365,0.0,3.216,118.0,0.0,-9.67219543,-0.48443604,-1.43139648,-0.00150979,
Sat Jun 09 15:01:13 GMT+03:00 2018,09-Jun-2018 15:01:12.198,23.18583836,61.24286365,0.0,3.216,118.0,0.0,-9.67048645,-0.47879028,-1.42030334,-0.00158682,
Sat Jun 09 15:01:14 GMT+03:00 2018,09-Jun-2018 15:01:13.198,23.18583832,61.24286366,0.0,3.216,118.0,0.0,-9.68276978,-0.48153687,-1.42617798,-0.00053692,
Sat Jun 09 15:01:15 GMT+03:00 2018,09-Jun-2018 15:01:14.197,23.18583831,61.24286369,0.0,3.216,118.0,0.0,-9.68011475,-0.47640991,-1.41722107,-0.00142589,
Sat Jun 09 15:01:16 GMT+03:00 2018,09-Jun-2018 15:01:15.197,23.1858383,61.2428637,0.0,3.216,118.0,0.0,-9.67837524,-0.48025513,-1.42469788,-0.00100791,
Sat Jun 09 15:01:17 GMT+03:00 2018,09-Jun-2018 15:01:16.197,23.18583828,61.24286371,0.0,3.216,118.0,0.0,-9.67913818,-0.48054504,-1.42675781,-0.00100064,
Sat Jun 09 15:01:18 GMT+03:00 2018,09-Jun-2018 15:01:17.197,23.18583826,61.24286372,0.0,3.216,118.0,0.0,-9.67723083,-0.47505188,-1.41409302,-0.00130576,
Sat Jun 09 15:01:19 GMT+03:00 2018,09-Jun-2018 15:01:18.197,23.18583822,61.24286371,0.0,3.216,118.0,0.0,-9.67453003,-0.47463989,-1.4178772,-0.00119659,
Sat Jun 09 15:01:20 GMT+03:00 2018,09-Jun-2018 15:01:19.197,23.18583817,61.24286368,0.0,3.216,118.0,0.0,-9.6789093,-0.47674561,-1.41712952,-0.00108355,
Sat Jun 09 15:01:21 GMT+03:00 2018,09-Jun-2018 15:01:20.198,23.18583815,61.24286368,0.0,3.216,118.0,0.0,-9.67323303,-0.48022461,-1.41772461,-0.00146267,
Sat Jun 09 15:01:22 GMT+03:00 2018,09-Jun-2018 15:01:21.197,23.18583816,61.24286369,0.0,3.216,118.0,0.0,-9.6847229,-0.47996521,-1.42008972,-0.00043815,
Sat Jun 09 15:01:23 GMT+03:00 2018,09-Jun-2018 15:01:22.198,23.18583818,61.24286368,0.0,3.216,118.0,0.0,-9.69120789,-0.47892761,-1.42123413,-0.0005099,
Sat Jun 09 15:01:24 GMT+03:00 2018,09-Jun-2018 15:01:23.198,23.18583815,61.24286368,0.0,3.216,118.0,0.0,-9.69541931,-0.47915649,-1.42448425,0.00070029,
Sat Jun 09 15:01:25 GMT+03:00 2018,09-Jun-2018 15:01:24.198,23.18583814,61.24286369,0.0,3.216,118.0,0.0,-9.68759155,-0.47427368,-1.41674805,-0.00006932,
Sat Jun 09 15:01:26 GMT+03:00 2018,09-Jun-2018 15:01:25.198,23.18583813,61.24286368,0.0,3.216,118.0,0.0,-9.68582153,-0.47979736,-1.41151428,-0.0004546,
Sat Jun 09 15:01:27 GMT+03:00 2018,09-Jun-2018 15:01:26.198,23.18583811,61.24286368,0.0,3.216,118.0,0.0,-9.69293213,-0.47640991,-1.41555786,0.00012067,
Sat Jun 09 15:01:28 GMT+03:00 2018,09-Jun-2018 15:01:27.197,23.18583812,61.24286367,0.0,3.216,118.0,0.0,-9.69522095,-0.47541809,-1.42657471,0.00069278,
Sat Jun 09 15:01:29 GMT+03:00 2018,09-Jun-2018 15:01:28.197,23.18583808,61.24286367,0.0,3.216,118.0,0.0,-9.68240356,-0.47267151,-1.41418457,0.00008179,
Sat Jun 09 15:01:30 GMT+03:00 2018,09-Jun-2018 15:01:29.197,23.18583802,61.24286367,0.0,3.216,118.0,0.0,-9.68234253,-0.47767639,-1.41184998,-0.00081074,
Sat Jun 09 15:01:31 GMT+03:00 2018,09-Jun-2018 15:01:30.198,23.18583797,61.24286368,0.0,3.216,118.0,0.0,-9.6834259,-0.47431946,-1.41159058,-0.00132452,
Sat Jun 09 15:01:32 GMT+03:00 2018,09-Jun-2018 15:01:31.198,23.18583794,61.24286367,0.0,3.216,118.0,0.0,-9.68107605,-0.47502136,-1.40693665,-0.00102359,
Sat Jun 09 15:01:33 GMT+03:00 2018,09-Jun-2018 15:01:32.197,23.18583786,61.24286366,0.0,3.216,118.0,0.0,-9.68460083,-0.47703552,-1.41233826,-0.00082114,
Sat Jun 09 15:01:34 GMT+03:00 2018,09-Jun-2018 15:01:33.198,23.1858378,61.24286365,0.0,3.216,118.0,0.0,-9.68345642,-0.47802734,-1.41513062,-0.00064856,
Sat Jun 09 15:01:35 GMT+03:00 2018,09-Jun-2018 15:01:34.197,23.18583776,61.24286363,0.0,3.216,118.0,0.0,-9.68051147,-0.47363281,-1.40768433,-0.00055274,
Sat Jun 09 15:01:36 GMT+03:00 2018,09-Jun-2018 15:01:35.197,23.1858378,61.24286362,0.0,3.216,118.0,0.0,-9.69647217,-0.50259399,-1.41676331,0.00081187,
Sat Jun 09 15:01:37 GMT+03:00 2018,09-Jun-2018 15:01:36.197,23.18583786,61.2428636,0.0,3.216,118.0,0.0,-9.68971252,-0.45718384,-1.41294861,-0.0001988,
Sat Jun 09 15:01:38 GMT+03:00 2018,09-Jun-2018 15:01:37.197,23.18583789,61.24286359,0.0,3.216,118.0,0.0,-9.70887756,-0.51977539,-1.43139648,0.00236887,
Sat Jun 09 15:01:39 GMT+03:00 2018,09-Jun-2018 15:01:38.197,23.18583791,61.2428636,0.0,3.216,118.0,0.0,-9.6889801,-0.44433594,-1.41877747,0.00003861,
Sat Jun 09 15:01:40 GMT+03:00 2018,09-Jun-2018 15:01:39.197,23.18583794,61.2428636,0.0,3.216,118.0,0.0,-9.68954468,-0.4960022,-1.4175415,0.00009131,
Sat Jun 09 15:01:41 GMT+03:00 2018,09-Jun-2018 15:01:40.198,23.18583799,61.24286361,0.0,3.216,118.0,0.0,-9.68444824,-0.46643066,-1.41056824,-0.00038931,
Sat Jun 09 15:01:42 GMT+03:00 2018,09-Jun-2018 15:01:41.197,23.18583802,61.2428636,0.0,3.216,118.0,0.0,-9.69244385,-0.47651672,-1.40820312,0.00014776,
Sat Jun 09 15:01:43 GMT+03:00 2018,09-Jun-2018 15:01:42.197,23.18583808,61.24286361,0.0,3.216,118.0,0.0,-9.69064331,-0.47813416,-1.40431213,0.00000784,
Sat Jun 09 15:01:44 GMT+03:00 2018,09-Jun-2018 15:01:43.202,23.18583812,61.2428636,0.0,3.216,118.0,0.0,-10.0687561,-0.36820984,-1.67900085,0.04180235,
Sat Jun 09 15:01:45 GMT+03:00 2018,09-Jun-2018 15:01:44.197,23.18583816,61.2428636,0.0,3.216,118.0,0.0,-9.6618042,-0.2514801,-1.85406494,-0.00205332,
Sat Jun 09 15:01:46 GMT+03:00 2018,09-Jun-2018 15:01:45.198,23.18583817,61.24286361,0.0,3.216,118.0,0.0,-9.67816162,-0.41040039,-1.57287598,0.00095624,
Sat Jun 09 15:01:47 GMT+03:00 2018,09-Jun-2018 15:01:46.198,23.18583816,61.24286362,0.0,3.216,118.0,0.0,-9.66650391,-0.53759766,-1.49786377,-0.00129373,
Sat Jun 09 15:01:48 GMT+03:00 2018,09-Jun-2018 15:01:47.198,23.18583819,61.24286362,0.0,3.216,118.0,0.0,-9.64648438,-0.37731934,-1.4669342,-0.0040434,
Sat Jun 09 15:01:49 GMT+03:00 2018,09-Jun-2018 15:01:48.198,23.1858382,61.24286363,0.0,3.216,118.0,0.0,-9.68611145,-0.49430847,-1.52565002,0.00003918,
Sat Jun 09 15:01:50 GMT+03:00 2018,09-Jun-2018 15:01:49.198,23.1858382,61.24286363,0.0,3.216,118.0,0.0,-9.69012451,-0.30021667,-2.20436096,0.01405531,
Sat Jun 09 15:01:51 GMT+03:00 2018,09-Jun-2018 15:01:50.197,23.18583822,61.24286362,0.0,3.216,118.0,0.0,-9.81307983,-0.3924408,-1.33528137,0.00145301,
Sat Jun 09 15:01:52 GMT+03:00 2018,09-Jun-2018 15:01:51.198,23.1858382,61.24286362,0.0,3.216,118.0,0.0,-9.76130676,-0.41639709,-1.23536682,0.00444776,
Sat Jun 09 15:01:53 GMT+03:00 2018,09-Jun-2018 15:01:52.202,23.18583816,61.2428636,0.0,3.216,118.0,0.0,-9.76748657,-0.35188293,-1.18641663,0.00142668,
Sat Jun 09 15:01:54 GMT+03:00 2018,09-Jun-2018 15:01:53.197,23.18583807,61.24286358,0.0,3.216,118.0,0.0,-9.75306702,-0.35601807,-1.17630005,-0.0009951,
Sat Jun 09 15:01:55 GMT+03:00 2018,09-Jun-2018 15:01:54.199,23.185838,61.24286355,0.0,3.216,118.0,0.0,-9.75489807,-0.36553955,-1.25489807,0.00146751,
Sat Jun 09 15:01:56 GMT+03:00 2018,09-Jun-2018 15:01:55.198,23.18583795,61.24286355,0.0,3.216,118.0,0.0,-9.70288086,-0.36534119,-1.16786194,-0.00250816,
Sat Jun 09 15:01:57 GMT+03:00 2018,09-Jun-2018 15:01:56.197,23.18583789,61.24286354,0.0,3.216,118.0,0.0,-9.79502869,-0.39497375,-1.34318542,0.00238372,
Sat Jun 09 15:01:58 GMT+03:00 2018,09-Jun-2018 15:01:57.196,23.18583782,61.24286354,0.0,3.216,118.0,0.0,-9.71273804,-0.35003662,-1.28715515,-0.00004458,
Sat Jun 09 15:01:59 GMT+03:00 2018,09-Jun-2018 15:01:58.197,23.18583777,61.24286353,0.0,3.216,118.0,0.0,-9.70474243,-0.35855103,-1.20498657,-0.00036373,
Sat Jun 09 15:02:00 GMT+03:00 2018,09-Jun-2018 15:01:59.197,23.18583768,61.24286351,0.0,3.216,118.0,0.0,-9.67886353,-0.4704895,-1.29220581,-0.002882,
Sat Jun 09 15:02:01 GMT+03:00 2018,09-Jun-2018 15:02:00.200,23.1858376,61.24286349,0.0,3.216,118.0,0.0,-9.79910278,-0.35011292,-1.26721191,0.00128026,
Sat Jun 09 15:02:01 GMT+03:00 2018,09-Jun-2018 15:02:01.197,23.18581053,61.24285603,0.0,3.216,121.0,0.0,-9.7833252,-0.30961609,-1.27394104,0.0067721,
Sat Jun 09 15:02:03 GMT+03:00 2018,09-Jun-2018 15:02:02.199,23.18580581,61.24284928,0.0,3.216,121.0,0.0,-9.70256042,-0.38461304,-1.12449646,-0.00051629,
Sat Jun 09 15:02:04 GMT+03:00 2018,09-Jun-2018 15:02:03.203,23.18581072,61.24284833,0.0,3.216,121.0,0.0,-9.78100586,-0.31278992,-1.13049316,0.00476497,
Sat Jun 09 15:02:05 GMT+03:00 2018,09-Jun-2018 15:02:04.197,23.1858134,61.24284845,0.0,3.216,122.0,0.0,-9.71356201,-0.35267639,-1.18482971,0.00019825,
Sat Jun 09 15:02:06 GMT+03:00 2018,09-Jun-2018 15:02:05.197,23.18580878,61.24284028,0.0,3.216,123.0,0.0,-9.74182129,-0.36091614,-1.20892334,0.00192004,
Sat Jun 09 15:02:07 GMT+03:00 2018,09-Jun-2018 15:02:06.198,23.18581571,61.24284203,0.0,3.216,124.0,0.0,-9.72433472,-0.34895325,-1.19294739,0.00010509,
Sat Jun 09 15:02:08 GMT+03:00 2018,09-Jun-2018 15:02:07.200,23.18582092,61.24284364,0.0,3.216,123.0,0.0,-9.72941589,-0.36380005,-1.19412231,0.00049198,
Sat Jun 09 15:02:09 GMT+03:00 2018,09-Jun-2018 15:02:08.198,23.1858227,61.24284501,0.0,3.216,122.0,0.0,-9.72418213,-0.35250854,-1.19813538,0.00038775,
Sat Jun 09 15:02:10 GMT+03:00 2018,09-Jun-2018 15:02:09.198,23.18581731,61.24284659,0.0,3.216,121.0,0.0,-9.72972107,-0.36279297,-1.19213867,0.00049448,
Sat Jun 09 15:02:11 GMT+03:00 2018,09-Jun-2018 15:02:10.198,23.18581851,61.24284726,0.0,3.216,121.0,0.0,-9.72723389,-0.36555481,-1.19772339,0.00057197,
Sat Jun 09 15:02:12 GMT+03:00 2018,09-Jun-2018 15:02:11.199,23.18581775,61.24285025,0.0,3.216,121.0,0.0,-9.73178101,-0.31080627,-1.20698547,0.0007059,
Sat Jun 09 15:02:13 GMT+03:00 2018,09-Jun-2018 15:02:12.203,23.18581668,61.24285003,0.0,3.216,121.0,0.0,-9.72660828,-0.37835693,-1.18890381,0.00024706,
Sat Jun 09 15:02:14 GMT+03:00 2018,09-Jun-2018 15:02:13.200,23.1858158,61.2428501,0.0,3.216,120.0,0.0,-9.72618103,-0.36035156,-1.22750854,0.00057209,
Sat Jun 09 15:02:15 GMT+03:00 2018,09-Jun-2018 15:02:14.197,23.18581483,61.24285011,0.0,3.216,120.0,0.0,-9.74020386,-0.35983276,-1.20457458,0.00090359,
Sat Jun 09 15:02:16 GMT+03:00 2018,09-Jun-2018 15:02:15.197,23.18581409,61.2428499,0.0,3.216,120.0,0.0,-9.74255371,-0.37379456,-1.20384216,0.00197953,
Sat Jun 09 15:02:17 GMT+03:00 2018,09-Jun-2018 15:02:16.198,23.18581329,61.24284939,0.0,3.216,120.0,0.0,-9.73554993,-0.34797668,-1.19960022,0.00111206,
Sat Jun 09 15:02:18 GMT+03:00 2018,09-Jun-2018 15:02:17.198,23.18581231,61.24284874,0.0,3.216,121.0,0.0,-9.73532104,-0.35990906,-1.1987915,0.00113243,
Sat Jun 09 15:02:19 GMT+03:00 2018,09-Jun-2018 15:02:18.199,23.18581224,61.24284872,0.0,3.216,120.0,0.0,-9.73371887,-0.38790894,-1.11262512,0.00004441,
Sat Jun 09 15:02:20 GMT+03:00 2018,09-Jun-2018 15:02:19.197,23.18581209,61.24284866,0.0,3.216,120.0,0.0,-9.75514221,-0.31774902,-1.17980957,0.00092399,
Sat Jun 09 15:02:21 GMT+03:00 2018,09-Jun-2018 15:02:20.199,23.18581205,61.24284862,0.0,3.216,120.0,0.0,-9.73423767,-0.36320496,-1.18972778,0.00117999,
Sat Jun 09 15:02:22 GMT+03:00 2018,09-Jun-2018 15:02:21.198,23.18581197,61.24284859,0.0,3.216,120.0,0.0,-9.73814392,-0.35336304,-1.18759155,0.00132576,
Sat Jun 09 15:02:23 GMT+03:00 2018,09-Jun-2018 15:02:22.198,23.18581193,61.24284855,0.0,3.216,120.0,0.0,-9.74043274,-0.36457825,-1.19610596,0.00163347,
Sat Jun 09 15:02:24 GMT+03:00 2018,09-Jun-2018 15:02:23.198,23.18581186,61.24284852,0.0,3.216,120.0,0.0,-9.73774719,-0.35507202,-1.1940155,0.00109971,
Sat Jun 09 15:02:25 GMT+03:00 2018,09-Jun-2018 15:02:24.199,23.1858118,61.24284849,0.0,3.216,120.0,0.0,-9.75166321,-0.33726501,-1.17675781,0.00243145,
Sat Jun 09 15:02:26 GMT+03:00 2018,09-Jun-2018 15:02:25.198,23.1858117,61.24284845,0.0,3.216,120.0,0.0,-9.76402283,-0.35540771,-0.59457397,-0.00679041,
Sat Jun 09 15:02:27 GMT+03:00 2018,09-Jun-2018 15:02:26.199,23.18580201,61.24285083,0.27,3.216,120.0,289.2,-9.84228516,-0.30175781,-0.73864746,0.00715917,
Sat Jun 09 15:02:28 GMT+03:00 2018,09-Jun-2018 15:02:27.197,23.18578631,61.242854,1.09,3.216,120.0,291.9,-9.44377136,0.28640747,-0.42199707,-0.00433987,
Sat Jun 09 15:02:29 GMT+03:00 2018,09-Jun-2018 15:02:28.204,23.1857602,61.2428603,1.51,3.216,121.0,292.9,-9.35935974,-0.06401062,-0.93438721,-0.04059523,
Sat Jun 09 15:02:30 GMT+03:00 2018,09-Jun-2018 15:02:29.197,23.18573201,61.24286509,1.83,3.216,121.0,292.1,-10.16444397,-1.46994019,-0.96450806,-0.04994546,
Sat Jun 09 15:02:31 GMT+03:00 2018,09-Jun-2018 15:02:30.197,23.18569591,61.24287284,2.11,3.216,121.0,299.1,-9.62490845,0.9125824,-0.95159912,-0.00912845,
Sat Jun 09 15:02:32 GMT+03:00 2018,09-Jun-2018 15:02:31.197,23.18565733,61.24287434,1.99,3.216,120.0,303.7,-9.88850403,0.33076477,-1.38697815,0.01433021,
Sat Jun 09 15:02:33 GMT+03:00 2018,09-Jun-2018 15:02:32.202,23.18561557,61.2428782,1.99,3.216,120.0,315.8,-9.51309204,1.94639587,-0.95545959,-0.00481957,
Sat Jun 09 15:02:34 GMT+03:00 2018,09-Jun-2018 15:02:33.197,23.18558044,61.24287736,1.67,3.216,120.0,325.7,-9.24307251,0.9566803,-1.24421692,-0.02033518,
Sat Jun 09 15:02:35 GMT+03:00 2018,09-Jun-2018 15:02:34.198,23.18554468,61.24287531,1.42,3.216,119.0,332.3,-9.86968994,1.25009155,-1.54238892,0.02681476,
Sat Jun 09 15:02:36 GMT+03:00 2018,09-Jun-2018 15:02:35.198,23.18551827,61.2428647,1.61,3.216,119.0,336.6,-9.62649536,0.26683044,-1.26751709,0.00632143,
Sat Jun 09 15:02:37 GMT+03:00 2018,09-Jun-2018 15:02:36.197,23.18549846,61.24286438,1.23,3.216,119.0,340.1,-10.14332581,-0.05702209,-1.63426208,0.04790527,
Sat Jun 09 15:02:38 GMT+03:00 2018,09-Jun-2018 15:02:37.197,23.18548332,61.2428643,0.89,3.216,119.0,342.9,-9.50317383,-0.40905762,-1.47229004,0.00800367,
Sat Jun 09 15:02:39 GMT+03:00 2018,09-Jun-2018 15:02:38.197,23.18547944,61.2428678,0.54,3.216,119.0,344.0,-9.69546509,0.15185547,-1.8394928,0.00665122,
Sat Jun 09 15:02:40 GMT+03:00 2018,09-Jun-2018 15:02:39.197,23.18547389,61.24286815,0.0,3.216,118.0,0.0,-9.84393311,0.01292419,-1.45941162,-0.0056432,
Sat Jun 09 15:02:41 GMT+03:00 2018,09-Jun-2018 15:02:40.197,23.18547387,61.24286776,0.0,3.216,118.0,0.0,-9.72088623,0.04135132,-1.50263977,0.00327033,
Sat Jun 09 15:02:42 GMT+03:00 2018,09-Jun-2018 15:02:41.197,23.18547364,61.2428676,0.0,3.216,118.0,0.0,-9.70635986,-0.04624939,-1.35444641,0.00203757,
Sat Jun 09 15:02:43 GMT+03:00 2018,09-Jun-2018 15:02:42.197,23.18547605,61.24286919,0.0,3.216,117.0,0.0,-9.72087097,0.05484009,-1.3182373,0.00057656,
Sat Jun 09 15:02:44 GMT+03:00 2018,09-Jun-2018 15:02:43.197,23.18547949,61.24287171,0.0,3.216,117.0,0.0,-9.76542664,0.03231812,-1.33895874,0.00180487,
Sat Jun 09 15:02:45 GMT+03:00 2018,09-Jun-2018 15:02:44.196,23.18548179,61.24287342,0.0,3.216,117.0,0.0,-9.72286987,-1.06015015,-2.40213013,0.02719885,
Sat Jun 09 15:02:46 GMT+03:00 2018,09-Jun-2018 15:02:45.197,23.18548303,61.24288517,1.19,3.216,117.0,350.2,-9.87698364,-0.3462677,-1.50540161,0.01592837,
Sat Jun 09 15:02:47 GMT+03:00 2018,09-Jun-2018 15:02:46.198,23.1854835,61.24290933,2.64,3.216,117.0,1.7,-9.86314392,-2.7469635,-1.60217285,0.05696052,
Sat Jun 09 15:02:48 GMT+03:00 2018,09-Jun-2018 15:02:47.199,23.18548848,61.24293515,2.88,3.216,118.0,18.6,-9.14326477,-0.14782715,-0.91040039,-0.01706412,
Sat Jun 09 15:02:48 GMT+03:00 2018,09-Jun-2018 15:02:48.198,23.18548848,61.24293515,2.88,3.216,118.0,18.6,-9.50695801,-1.86431885,-1.18847656,-0.0044533,
Sat Jun 09 15:02:49 GMT+03:00 2018,09-Jun-2018 15:02:49.197,23.18549045,61.24295737,2.68,3.216,117.0,38.5,-9.41423035,0.03430176,-1.08235168,-0.03259064,
Sat Jun 09 15:02:51 GMT+03:00 2018,09-Jun-2018 15:02:50.198,23.18545797,61.24299293,4.63,3.216,117.0,52.2,-11.36920166,0.25253296,-1.40319824,0.16859394,
Sat Jun 09 15:02:52 GMT+03:00 2018,09-Jun-2018 15:02:51.198,23.18541636,61.24300932,4.38,3.216,116.0,50.1,-9.06404114,-0.45375061,-0.39230347,-0.03359181,
Sat Jun 09 15:02:53 GMT+03:00 2018,09-Jun-2018 15:02:52.197,23.18536074,61.24302299,3.32,3.216,116.0,49.7,-10.93359375,-1.80218506,-0.83496094,0.13335317,
Sat Jun 09 15:02:54 GMT+03:00 2018,09-Jun-2018 15:02:53.197,23.18527958,61.24302717,1.53,3.216,115.0,50.1,-9.93922424,-0.18882751,-2.35002136,0.01685949,
Sat Jun 09 15:02:55 GMT+03:00 2018,09-Jun-2018 15:02:54.197,23.18523996,61.24303067,1.57,3.216,115.0,282.6,-8.94255066,-1.43041992,-1.90934753,-0.05596584,
Sat Jun 09 15:02:56 GMT+03:00 2018,09-Jun-2018 15:02:55.197,23.18516061,61.24302327,3.56,3.216,115.0,252.2,-9.43148804,-3.19506836,-1.73912048,0.02598399,
Sat Jun 09 15:02:56 GMT+03:00 2018,09-Jun-2018 15:02:56.197,23.18516061,61.24302327,3.56,3.216,115.0,252.2,-9.57847595,-2.06916809,-1.57797241,0.01236624,
Sat Jun 09 15:02:58 GMT+03:00 2018,09-Jun-2018 15:02:57.197,23.18492028,61.24292295,6.21,3.216,115.0,207.3,-9.83901978,0.14382935,-1.49458313,0.01005086,
Sat Jun 09 15:02:59 GMT+03:00 2018,09-Jun-2018 15:02:58.197,23.18485545,61.24286854,7.0,3.216,115.0,209.5,-9.837677,-0.62518311,-1.31690979,0.01434821,
Sat Jun 09 15:03:00 GMT+03:00 2018,09-Jun-2018 15:02:59.197,23.18477224,61.24280825,7.87,3.216,115.0,211.7,-9.59835815,-0.42579651,-1.48803711,-0.00988497,
Sat Jun 09 15:03:01 GMT+03:00 2018,09-Jun-2018 15:03:00.197,23.1846836,61.24274486,8.66,3.216,115.0,213.1,-9.4493103,-0.69766235,-1.41287231,-0.02289009,
Sat Jun 09 15:03:02 GMT+03:00 2018,09-Jun-2018 15:03:01.196,23.18458069,61.24267589,9.39,3.216,114.0,214.9,-9.69018555,0.10646057,-1.27416992,-0.00997685,
Sat Jun 09 15:03:03 GMT+03:00 2018,09-Jun-2018 15:03:02.198,23.18446049,61.24260496,10.08,3.216,114.0,219.1,-9.28991699,-0.25231934,-1.445755,-0.04069471,
Sat Jun 09 15:03:04 GMT+03:00 2018,09-Jun-2018 15:03:03.197,23.18432293,61.24253449,10.7,3.216,113.0,222.7,-9.22875977,-0.6882019,-1.53668213,0.01625802,
Sat Jun 09 15:03:05 GMT+03:00 2018,09-Jun-2018 15:03:04.197,23.18416486,61.24246674,11.36,3.216,114.0,227.2,-9.42582703,-0.45011902,-1.02928162,0.01488941,
Sat Jun 09 15:03:06 GMT+03:00 2018,09-Jun-2018 15:03:05.197,23.18399111,61.24239942,11.62,3.216,114.0,231.0,-9.41133118,0.55903625,-0.76246643,0.01232247,
Sat Jun 09 15:03:07 GMT+03:00 2018,09-Jun-2018 15:03:06.198,23.18380797,61.24233505,12.0,3.216,113.0,235.9,-9.90684509,-0.59684753,-1.40182495,0.02232164,
Sat Jun 09 15:03:08 GMT+03:00 2018,09-Jun-2018 15:03:07.198,23.18361158,61.24227761,12.3,3.216,113.0,239.8,-10.02812195,0.03945923,-1.83181763,0.00861793,
Sat Jun 09 15:03:09 GMT+03:00 2018,09-Jun-2018 15:03:08.197,23.18340289,61.24222518,12.61,3.216,113.0,243.2,-9.67211914,-1.22213745,-1.74171448,0.01930983,
Sat Jun 09 15:03:10 GMT+03:00 2018,09-Jun-2018 15:03:09.198,23.18318123,61.24217644,12.86,3.216,113.0,245.2,-8.82211304,1.81195068,-0.90490723,-0.07673091,
Sat Jun 09 15:03:11 GMT+03:00 2018,09-Jun-2018 15:03:10.204,23.18296373,61.24212854,12.98,3.216,114.0,245.4,-10.42205811,-1.08522034,-1.16043091,-0.00893253,
Sat Jun 09 15:03:12 GMT+03:00 2018,09-Jun-2018 15:03:11.198,23.18273889,61.24207602,13.13,3.216,113.0,244.6,-9.67520142,0.11473083,-1.0566864,0.00953578,
Sat Jun 09 15:03:13 GMT+03:00 2018,09-Jun-2018 15:03:12.198,23.18251756,61.24201571,13.26,3.216,114.0,241.6,-10.38790894,-0.29405212,-0.47387695,0.0039266,
Sat Jun 09 15:03:14 GMT+03:00 2018,09-Jun-2018 15:03:13.199,23.18230564,61.24195781,13.37,3.216,113.0,238.6,-8.88256836,-0.27554321,-2.19110107,-0.06639886,
Sat Jun 09 15:03:15 GMT+03:00 2018,09-Jun-2018 15:03:14.197,23.18209911,61.24189026,13.38,3.216,113.0,235.1,-11.11268616,-1.32264709,-2.70417786,0.00931337,
Sat Jun 09 15:03:16 GMT+03:00 2018,09-Jun-2018 15:03:15.197,23.18189583,61.24181605,13.57,3.216,113.0,232.5,-9.80659485,-0.97795105,-1.98204041,0.02855649,
Sat Jun 09 15:03:17 GMT+03:00 2018,09-Jun-2018 15:03:16.197,23.18170067,61.24173705,13.68,3.216,114.0,230.2,-9.04003906,-0.95915222,-1.57728577,0.008803,
Sat Jun 09 15:03:18 GMT+03:00 2018,09-Jun-2018 15:03:17.198,23.18150724,61.24165716,13.73,3.216,114.0,228.6,-9.81289673,0.65597534,-0.64367676,0.00524932,
Sat Jun 09 15:03:19 GMT+03:00 2018,09-Jun-2018 15:03:18.198,23.18131687,61.24157573,13.85,3.216,113.0,227.7,-10.06187439,0.46922302,-0.43690491,0.01390412,
Sat Jun 09 15:03:20 GMT+03:00 2018,09-Jun-2018 15:03:19.199,23.18112241,61.24149149,13.99,3.216,113.0,227.0,-10.44458008,-0.23429871,-0.49891663,0.01310361,
Sat Jun 09 15:03:21 GMT+03:00 2018,09-Jun-2018 15:03:20.204,23.18093683,61.24140939,13.66,3.216,114.0,225.8,-10.3611145,-1.09671021,-0.33799744,-0.0053864,
Sat Jun 09 15:03:22 GMT+03:00 2018,09-Jun-2018 15:03:21.197,23.18075823,61.24132953,13.08,3.216,113.0,224.9,-9.93788147,-2.64630127,-2.16978455,0.00250754,
Sat Jun 09 15:03:23 GMT+03:00 2018,09-Jun-2018 15:03:22.198,23.18060007,61.24124714,12.68,3.216,113.0,223.6,-9.51029968,2.13072205,0.37200928,0.02365455,
Sat Jun 09 15:03:24 GMT+03:00 2018,09-Jun-2018 15:03:23.198,23.18044792,61.24116963,12.12,3.216,114.0,222.9,-7.75018311,-1.46766663,-3.52362061,0.02488554,
Sat Jun 09 15:03:25 GMT+03:00 2018,09-Jun-2018 15:03:24.197,23.18030508,61.24109569,11.59,3.216,114.0,221.6,-11.38659668,-0.83256531,0.77799988,0.0021459,
Sat Jun 09 15:03:26 GMT+03:00 2018,09-Jun-2018 15:03:25.196,23.18018259,61.24102874,10.17,3.216,114.0,221.5,-7.44535828,2.95695496,0.39035034,-0.18183357,
Sat Jun 09 15:03:27 GMT+03:00 2018,09-Jun-2018 15:03:26.198,23.18006892,61.24097578,8.49,3.216,115.0,224.6,-9.74951172,0.78663635,-0.93327332,0.0092774,
Sat Jun 09 15:03:28 GMT+03:00 2018,09-Jun-2018 15:03:27.198,23.1799651,61.24092743,7.48,3.216,116.0,229.7,-9.47982788,-0.34146118,-2.43136597,-0.00325336,
Sat Jun 09 15:03:29 GMT+03:00 2018,09-Jun-2018 15:03:28.197,23.17984948,61.24088525,7.84,3.216,116.0,233.5,-9.13362122,0.2769165,-2.05184937,-0.04536973,
Sat Jun 09 15:03:30 GMT+03:00 2018,09-Jun-2018 15:03:29.198,23.17973834,61.24084603,7.59,3.216,117.0,237.5,-9.67878723,0.66059875,-2.19006348,0.01438254,
Sat Jun 09 15:03:31 GMT+03:00 2018,09-Jun-2018 15:03:30.199,23.17960297,61.24081283,8.17,3.216,117.0,246.1,-9.46833801,2.26806641,-1.05981445,0.01498256,
Sat Jun 09 15:03:32 GMT+03:00 2018,09-Jun-2018 15:03:31.198,23.17944245,61.24079075,8.93,3.216,117.0,257.9,-9.85427856,1.24615479,-2.35235596,0.01041777,
Sat Jun 09 15:03:33 GMT+03:00 2018,09-Jun-2018 15:03:32.204,23.17925646,61.24078142,9.83,3.216,116.0,265.3,-9.57327271,1.23933411,-2.12150574,-0.02870629,
Sat Jun 09 15:03:34 GMT+03:00 2018,09-Jun-2018 15:03:33.197,23.17906396,61.24078482,10.4,3.216,117.0,273.4,-9.18574524,-1.5942688,-2.73295593,-0.00906837,
Sat Jun 09 15:03:35 GMT+03:00 2018,09-Jun-2018 15:03:34.198,23.17885695,61.24079014,11.09,3.216,117.0,275.4,-9.99461365,-0.24237061,-1.52079773,0.02841434,
Sat Jun 09 15:03:36 GMT+03:00 2018,09-Jun-2018 15:03:35.197,23.17864622,61.24080301,11.47,3.216,118.0,279.8,-9.67900085,0.19194031,-2.47851562,0.00026087,
Sat Jun 09 15:03:37 GMT+03:00 2018,09-Jun-2018 15:03:36.197,23.17843025,61.2408202,11.65,3.216,118.0,279.3,-9.11526489,-0.6582489,-2.41560364,0.12789345,
Sat Jun 09 15:03:38 GMT+03:00 2018,09-Jun-2018 15:03:37.196,23.17821129,61.24083644,11.75,3.216,118.0,278.8,-10.41473389,-3.43797302,-1.25279236,0.12583989,
Sat Jun 09 15:03:39 GMT+03:00 2018,09-Jun-2018 15:03:38.198,23.17799357,61.24084792,11.82,3.216,118.0,275.5,-10.80949402,-1.3772583,-1.60990906,0.00788554,
Sat Jun 09 15:03:40 GMT+03:00 2018,09-Jun-2018 15:03:39.198,23.17779607,61.2408522,10.91,3.216,118.0,273.2,-9.07820129,-0.39593506,-0.67938232,0.01799176,
Sat Jun 09 15:03:41 GMT+03:00 2018,09-Jun-2018 15:03:40.199,23.17762397,61.24085355,9.43,3.216,119.0,272.0,-10.02690125,1.42945862,0.11250305,0.00593654,
Sat Jun 09 15:03:42 GMT+03:00 2018,09-Jun-2018 15:03:41.199,23.17749041,61.24085693,7.35,3.216,119.0,276.8,-9.84674072,-1.44619751,-0.10179138,0.05163046,
Sat Jun 09 15:03:43 GMT+03:00 2018,09-Jun-2018 15:03:42.198,23.17740506,61.24086386,4.99,3.216,119.0,277.6,-10.50949097,0.8341217,0.32885742,0.07577223,
Sat Jun 09 15:03:44 GMT+03:00 2018,09-Jun-2018 15:03:43.198,23.17736565,61.24086469,2.25,3.216,119.0,267.7,-9.88864136,-1.85414124,-2.33294678,0.01644836,
Sat Jun 09 15:03:45 GMT+03:00 2018,09-Jun-2018 15:03:44.200,23.17734861,61.2408601,1.08,3.216,119.0,254.7,-10.02668762,-0.64051819,-4.05007935,0.065717,
Sat Jun 09 15:03:46 GMT+03:00 2018,09-Jun-2018 15:03:45.196,23.17729142,61.24085247,3.18,3.216,119.0,259.3,-9.51109314,0.32164001,-2.94090271,0.03737907,
Sat Jun 09 15:03:47 GMT+03:00 2018,09-Jun-2018 15:03:46.197,23.17717684,61.24085329,5.62,3.216,120.0,267.5,-9.81056213,0.1605072,-0.86210632,0.00462109,
Sat Jun 09 15:03:48 GMT+03:00 2018,09-Jun-2018 15:03:47.199,23.17706291,61.24085862,6.24,3.216,119.0,273.4,-10.05418396,0.56121826,-1.14680481,0.02110519,
Sat Jun 09 15:03:49 GMT+03:00 2018,09-Jun-2018 15:03:48.202,23.17696046,61.24086899,5.87,3.216,119.0,283.9,-11.72059631,1.67590332,-0.59988403,0.08118822,
Sat Jun 09 15:03:50 GMT+03:00 2018,09-Jun-2018 15:03:49.197,23.17687555,61.24088711,5.09,3.216,118.0,297.7,-11.41404724,0.41505432,0.23216248,0.00631156,
Sat Jun 09 15:03:51 GMT+03:00 2018,09-Jun-2018 15:03:50.197,23.1768032,61.24090362,4.36,3.216,118.0,297.5,-10.35342407,-4.86987305,-1.59454346,0.17816335,
Sat Jun 09 15:03:52 GMT+03:00 2018,09-Jun-2018 15:03:51.198,23.17674005,61.24090002,3.53,3.216,118.0,272.9,-9.68382263,-3.28782654,-1.30923462,0.04688863,
Sat Jun 09 15:03:53 GMT+03:00 2018,09-Jun-2018 15:03:52.199,23.17670166,61.24088575,2.53,3.216,118.0,243.7,-9.93942261,-0.95791626,-1.14788818,0.02265806,
Sat Jun 09 15:03:54 GMT+03:00 2018,09-Jun-2018 15:03:53.201,23.17669006,61.24087543,1.1,3.216,118.0,230.1,-9.74526978,0.37582397,-1.93893433,0.001396,
Sat Jun 09 15:03:55 GMT+03:00 2018,09-Jun-2018 15:03:54.200,23.17668469,61.24086831,0.71,3.216,118.0,216.0,-9.88754272,-1.43823242,-2.97476196,0.04331054,
Sat Jun 09 15:03:56 GMT+03:00 2018,09-Jun-2018 15:03:55.197,23.17668414,61.24084658,2.38,3.216,118.0,185.6,-9.68678284,-2.07197571,-0.84107971,0.01366648,
Sat Jun 09 15:03:57 GMT+03:00 2018,09-Jun-2018 15:03:56.197,23.17670526,61.24082337,2.59,3.216,118.0,153.4,-9.7649231,-1.03598022,-1.21133423,-0.00099248,
Sat Jun 09 15:03:58 GMT+03:00 2018,09-Jun-2018 15:03:57.198,23.17674073,61.2408099,2.06,3.216,118.0,129.2,-9.39683533,-2.14309692,-2.11209106,0.00579287,
Sat Jun 09 15:03:59 GMT+03:00 2018,09-Jun-2018 15:03:58.198,23.17679841,61.2408054,2.97,3.216,119.0,99.2,-9.85614014,-1.96360779,-3.125,0.07340938,
Sat Jun 09 15:04:00 GMT+03:00 2018,09-Jun-2018 15:03:59.197,23.17688942,61.24081278,4.76,3.216,118.0,82.1,-9.32653809,0.16581726,-4.15830994,0.04085308,
Sat Jun 09 15:04:01 GMT+03:00 2018,09-Jun-2018 15:04:00.199,23.17705569,61.24083178,7.9,3.216,118.0,85.3,-9.73045349,0.42337036,-4.75984192,0.08536508,
Sat Jun 09 15:04:01 GMT+03:00 2018,09-Jun-2018 15:04:01.196,23.17705569,61.24083178,7.9,3.216,118.0,85.3,-10.5758667,-0.45111084,-3.84764099,0.08315011,
Sat Jun 09 15:04:03 GMT+03:00 2018,09-Jun-2018 15:04:02.200,23.17757757,61.24083241,15.24,3.216,118.0,89.9,-9.86224365,0.20011902,-2.07550049,0.02812582,
Sat Jun 09 15:04:04 GMT+03:00 2018,09-Jun-2018 15:04:03.197,23.17787906,61.2408269,15.84,3.216,118.0,92.4,-8.93753052,-0.22479248,-1.26715088,0.01943642,
Sat Jun 09 15:04:05 GMT+03:00 2018,09-Jun-2018 15:04:04.198,23.17815536,61.24081616,14.94,3.216,117.0,95.3,-9.7791748,0.51828003,-0.46205139,0.04964159,
Sat Jun 09 15:04:06 GMT+03:00 2018,09-Jun-2018 15:04:05.198,23.17840837,61.24080137,13.87,3.216,118.0,97.1,-10.75323486,-1.06321716,-0.38012695,-0.03927073,
Sat Jun 09 15:04:07 GMT+03:00 2018,09-Jun-2018 15:04:06.198,23.17864754,61.2407872,12.87,3.216,117.0,96.0,-9.30136108,1.52360535,-1.31282043,-0.02936101,
Sat Jun 09 15:04:08 GMT+03:00 2018,09-Jun-2018 15:04:07.198,23.17886268,61.24077316,11.77,3.216,117.0,95.6,-8.90101624,-1.30438232,-1.67581177,0.08650437,
Sat Jun 09 15:04:09 GMT+03:00 2018,09-Jun-2018 15:04:08.197,23.17906429,61.24076023,10.93,3.216,117.0,95.4,-9.67008972,-0.50085449,-1.13775635,0.02460614,
Sat Jun 09 15:04:10 GMT+03:00 2018,09-Jun-2018 15:04:09.198,23.17924746,61.2407601,9.96,3.216,117.0,92.5,-9.315979,-1.92301941,-1.82077026,0.03826653,
Sat Jun 09 15:04:11 GMT+03:00 2018,09-Jun-2018 15:04:10.197,23.17941003,61.24075871,9.05,3.216,117.0,89.3,-9.52981567,-1.42970276,-1.14692688,-0.01018,
Sat Jun 09 15:04:12 GMT+03:00 2018,09-Jun-2018 15:04:11.197,23.17956713,61.24076404,8.38,3.216,117.0,84.9,-10.35850525,-1.66220093,-1.31359863,0.0232241,
Sat Jun 09 15:04:13 GMT+03:00 2018,09-Jun-2018 15:04:12.197,23.17971059,61.24078907,8.13,3.216,117.0,71.0,-10.02929688,-1.55233765,-1.57284546,-0.0379369,
Sat Jun 09 15:04:14 GMT+03:00 2018,09-Jun-2018 15:04:13.198,23.17982906,61.24083104,7.94,3.216,116.0,59.3,-9.29373169,-1.74937439,-0.61863708,0.00997376,
Sat Jun 09 15:04:15 GMT+03:00 2018,09-Jun-2018 15:04:14.197,23.17993215,61.24087722,7.4,3.216,116.0,48.9,-9.7315979,-1.19934082,-0.80259705,-0.00468624,
Sat Jun 09 15:04:16 GMT+03:00 2018,09-Jun-2018 15:04:15.199,23.18002657,61.24092244,7.16,3.216,115.0,45.1,-10.30950928,-0.36003113,-1.04911804,0.01425648,
Sat Jun 09 15:04:17 GMT+03:00 2018,09-Jun-2018 15:04:16.197,23.18012012,61.24096902,6.99,3.216,114.0,45.2,-10.355896,-0.15966797,-0.53147888,0.01259315,
Sat Jun 09 15:04:18 GMT+03:00 2018,09-Jun-2018 15:04:17.197,23.18020713,61.24101151,6.88,3.216,114.0,44.9,-7.61972046,-0.53753662,-2.1598053,-0.20122339,
Sat Jun 09 15:04:19 GMT+03:00 2018,09-Jun-2018 15:04:18.199,23.18029308,61.24105444,6.63,3.216,114.0,43.4,-9.5509491,-0.08955383,-2.21182251,-0.00002253,
Sat Jun 09 15:04:20 GMT+03:00 2018,09-Jun-2018 15:04:19.199,23.1803971,61.24111214,8.41,3.216,114.0,43.2,-9.41816711,-0.48391724,-2.46638489,0.09261545,
Sat Jun 09 15:04:21 GMT+03:00 2018,09-Jun-2018 15:04:20.197,23.18051433,61.2411753,9.4,3.216,114.0,43.7,-8.29289246,-0.19691467,-2.01332092,0.01589148,
Sat Jun 09 15:04:22 GMT+03:00 2018,09-Jun-2018 15:04:21.198,23.18064777,61.24124209,9.94,3.216,115.0,44.7,-7.90188599,-0.27644348,-5.29191589,-0.02957308,
Sat Jun 09 15:04:23 GMT+03:00 2018,09-Jun-2018 15:04:22.198,23.18078646,61.24130858,10.25,3.216,115.0,45.6,-9.41072083,1.36421204,-2.1933136,0.01183516,
Sat Jun 09 15:04:24 GMT+03:00 2018,09-Jun-2018 15:04:23.198,23.18092568,61.24137703,10.5,3.216,115.0,46.8,-9.62864685,0.48104858,-0.18119812,0.01374021,
Sat Jun 09 15:04:25 GMT+03:00 2018,09-Jun-2018 15:04:24.197,23.18106775,61.24144323,10.72,3.216,116.0,45.9,-11.34239197,-0.26777649,-1.10482788,-0.00308976,
Sat Jun 09 15:04:26 GMT+03:00 2018,09-Jun-2018 15:04:25.200,23.18122,61.24151221,10.93,3.216,116.0,47.5,-9.70378113,-1.69012451,-1.34709167,0.00891409,
Sat Jun 09 15:04:27 GMT+03:00 2018,09-Jun-2018 15:04:26.198,23.1813747,61.24158148,11.19,3.216,116.0,47.4,-9.65338135,-1.19737244,-0.82040405,0.01313017,
Sat Jun 09 15:04:28 GMT+03:00 2018,09-Jun-2018 15:04:27.198,23.18152962,61.24164684,11.25,3.216,116.0,48.8,-10.5307312,-0.22608948,-1.91052246,0.01262792,
Sat Jun 09 15:04:29 GMT+03:00 2018,09-Jun-2018 15:04:28.197,23.18169337,61.24171149,11.42,3.216,116.0,49.8,-8.28108215,0.04948425,-1.42472839,0.00892964,
Sat Jun 09 15:04:30 GMT+03:00 2018,09-Jun-2018 15:04:29.197,23.18185572,61.24177896,11.54,3.216,116.0,50.5,-10.80499268,1.78442383,0.44328308,0.11783618,
Sat Jun 09 15:04:31 GMT+03:00 2018,09-Jun-2018 15:04:30.198,23.18202924,61.24184229,11.64,3.216,116.0,52.8,-9.68507385,-1.07348633,-2.81864929,0.01331874,
Sat Jun 09 15:04:32 GMT+03:00 2018,09-Jun-2018 15:04:31.197,23.1822069,61.24190389,11.66,3.216,116.0,54.9,-8.99937439,-0.63508606,-1.19595337,-0.00545516,
Sat Jun 09 15:04:33 GMT+03:00 2018,09-Jun-2018 15:04:32.201,23.18238574,61.24195706,11.65,3.216,116.0,58.9,-10.67321777,-1.41833496,-1.7203064,0.11205572,
Sat Jun 09 15:04:34 GMT+03:00 2018,09-Jun-2018 15:04:33.197,23.18257623,61.24200538,11.62,3.216,116.0,62.2,-9.86897278,2.91729736,0.00071716,0.10014974,
Sat Jun 09 15:04:35 GMT+03:00 2018,09-Jun-2018 15:04:34.197,23.18277326,61.24204972,11.74,3.216,116.0,64.6,-10.54266357,-1.93388367,-1.99110413,0.0070974,
Sat Jun 09 15:04:36 GMT+03:00 2018,09-Jun-2018 15:04:35.201,23.1829758,61.2420928,11.72,3.216,116.0,66.4,-10.06214905,-1.23646545,-2.9619751,-0.00534115,
Sat Jun 09 15:04:37 GMT+03:00 2018,09-Jun-2018 15:04:36.198,23.18317252,61.24213709,11.75,3.216,117.0,66.5,-10.18397522,0.46003723,-1.31118774,0.04831737,
Sat Jun 09 15:04:38 GMT+03:00 2018,09-Jun-2018 15:04:37.198,23.18337104,61.24218153,11.78,3.216,117.0,66.1,-8.43280029,-0.71911621,-2.29925537,-0.00424792,
Sat Jun 09 15:04:39 GMT+03:00 2018,09-Jun-2018 15:04:38.198,23.1835713,61.24223225,11.82,3.216,117.0,63.9,-8.83795166,-0.64421082,-1.64376831,0.01471245,
Sat Jun 09 15:04:40 GMT+03:00 2018,09-Jun-2018 15:04:39.203,23.18375821,61.24228801,11.88,3.216,117.0,59.9,-10.10191345,-0.53385925,-1.76905823,-0.01103,
Sat Jun 09 15:04:41 GMT+03:00 2018,09-Jun-2018 15:04:40.197,23.18394346,61.24235035,11.96,3.216,117.0,56.4,-9.82878113,-0.17668152,-0.45465088,0.00372416,
Sat Jun 09 15:04:42 GMT+03:00 2018,09-Jun-2018 15:04:41.197,23.18411803,61.24241457,11.89,3.216,117.0,52.4,-7.97572327,-2.04376221,-3.84295654,0.0026077,
Sat Jun 09 15:04:43 GMT+03:00 2018,09-Jun-2018 15:04:42.197,23.18428994,61.24248579,11.87,3.216,117.0,49.0,-10.08651733,0.37017822,-2.14808655,0.04025562,
Sat Jun 09 15:04:44 GMT+03:00 2018,09-Jun-2018 15:04:43.196,23.18444424,61.24256165,11.74,3.216,117.0,44.7,-10.33349609,-1.42610168,-0.89006042,0.03177657,
Sat Jun 09 15:04:45 GMT+03:00 2018,09-Jun-2018 15:04:44.197,23.18458369,61.24264276,11.47,3.216,118.0,40.0,-9.48350525,-0.33901978,-0.9413147,-0.01891993,
Sat Jun 09 15:04:46 GMT+03:00 2018,09-Jun-2018 15:04:45.205,23.1847032,61.24272535,11.18,3.216,118.0,36.7,-9.69410706,-0.10606384,-1.29249573,0.00212991,
Sat Jun 09 15:04:47 GMT+03:00 2018,09-Jun-2018 15:04:46.198,23.18481051,61.24280992,10.88,3.216,119.0,33.0,-10.00418091,-0.61393738,-1.94099426,0.01732785,
Sat Jun 09 15:04:48 GMT+03:00 2018,09-Jun-2018 15:04:47.198,23.18490595,61.24288696,10.26,3.216,119.0,31.3,-9.44010925,-0.2678833,-1.52412415,0.00566266,
Sat Jun 09 15:04:49 GMT+03:00 2018,09-Jun-2018 15:04:48.197,23.18499103,61.24295572,8.84,3.216,119.0,30.3,-9.64732361,0.95910645,-0.80311584,0.05150951,
Sat Jun 09 15:04:50 GMT+03:00 2018,09-Jun-2018 15:04:49.198,23.18504558,61.24299293,5.46,3.216,119.0,42.8,-9.84234619,1.79368591,-1.65582275,0.02155799,
Sat Jun 09 15:04:51 GMT+03:00 2018,09-Jun-2018 15:04:50.197,23.1851055,61.24300651,3.56,3.216,120.0,67.9,-8.97657776,2.90310669,-2.75318909,0.06468285,
Sat Jun 09 15:04:52 GMT+03:00 2018,09-Jun-2018 15:04:51.197,23.18517521,61.24300483,3.63,3.216,120.0,95.9,-10.00254822,1.96661377,-1.97705078,0.01246192,
Sat Jun 09 15:04:53 GMT+03:00 2018,09-Jun-2018 15:04:52.199,23.18523817,61.24298804,3.84,3.216,120.0,116.7,-9.98335266,-1.16523743,-0.4105835,-0.05045502,
Sat Jun 09 15:04:54 GMT+03:00 2018,09-Jun-2018 15:04:53.197,23.18530608,61.2429664,4.22,3.216,120.0,118.0,-11.56559753,0.80760193,-1.2845459,0.18963927,
Sat Jun 09 15:04:55 GMT+03:00 2018,09-Jun-2018 15:04:54.198,23.18537349,61.24295306,3.97,3.216,119.0,118.5,-9.87669373,-0.25312805,-0.87689209,0.05238504,
Sat Jun 09 15:04:56 GMT+03:00 2018,09-Jun-2018 15:04:55.197,23.18545512,61.24293429,4.73,3.216,119.0,116.5,-9.56613159,-1.56674194,-2.48815918,0.02855049,
Sat Jun 09 15:04:57 GMT+03:00 2018,09-Jun-2018 15:04:56.197,23.18554447,61.24291875,5.15,3.216,120.0,111.4,-10.55514526,-2.26496887,-1.40318298,0.03029563,
Sat Jun 09 15:04:58 GMT+03:00 2018,09-Jun-2018 15:04:57.198,23.18562789,61.24290493,4.88,3.216,120.0,108.4,-9.9037323,-4.21652222,-2.19046021,0.08904698,
Sat Jun 09 15:04:59 GMT+03:00 2018,09-Jun-2018 15:04:58.199,23.18571186,61.24289061,4.7,3.216,120.0,109.9,-10.10954285,-1.00994873,-0.02038574,-0.0230985,
Sat Jun 09 15:05:00 GMT+03:00 2018,09-Jun-2018 15:04:59.197,23.18577756,61.24288239,3.76,3.216,120.0,109.4,-9.76431274,0.43515015,-0.94189453,-0.07418263,
Sat Jun 09 15:05:01 GMT+03:00 2018,09-Jun-2018 15:05:00.198,23.18581157,61.24287326,2.5,3.216,120.0,106.9,-9.86705017,0.46757507,-0.26667786,0.00788766,
Sat Jun 09 15:05:02 GMT+03:00 2018,09-Jun-2018 15:05:01.197,23.18582885,61.24286688,1.25,3.216,119.0,107.0,-10.00209045,-1.34396362,-0.60398865,-0.01936512,
Sat Jun 09 15:05:03 GMT+03:00 2018,09-Jun-2018 15:05:02.200,23.18583513,61.24286677,0.0,3.216,119.0,0.0,-9.49931335,-0.60861206,-1.63928223,0.00433966,
Sat Jun 09 15:05:04 GMT+03:00 2018,09-Jun-2018 15:05:03.199,23.1858408,61.24286681,0.0,3.216,119.0,0.0,-9.60221863,-0.57878113,-1.77587891,-0.00031568,
Sat Jun 09 15:05:05 GMT+03:00 2018,09-Jun-2018 15:05:04.197,23.18584217,61.24286744,0.0,3.216,119.0,0.0,-9.6725769,-0.55413818,-1.76911926,0.00451487,
Sat Jun 09 15:05:06 GMT+03:00 2018,09-Jun-2018 15:05:05.198,23.18584347,61.24286724,0.0,3.216,119.0,0.0,-9.61981201,-0.50346375,-1.74429321,0.00179907,
Sat Jun 09 15:05:07 GMT+03:00 2018,09-Jun-2018 15:05:06.203,23.1858444,61.24286598,0.0,3.216,119.0,0.0,-9.64814758,-0.5693512,-1.7759552,0.0021899,
Sat Jun 09 15:05:08 GMT+03:00 2018,09-Jun-2018 15:05:07.198,23.18584646,61.24286532,0.0,3.216,119.0,0.0,-9.66001892,-0.55363464,-1.76528931,0.00251865,
Sat Jun 09 15:05:09 GMT+03:00 2018,09-Jun-2018 15:05:08.198,23.18584682,61.24286488,0.0,3.216,119.0,0.0,-9.6378479,-0.58041382,-1.78529358,0.00212614,
Sat Jun 09 15:05:10 GMT+03:00 2018,09-Jun-2018 15:05:09.199,23.18584743,61.24286526,0.0,3.216,118.0,0.0,-9.64794922,-0.5657196,-1.77897644,0.00268464,
Sat Jun 09 15:05:11 GMT+03:00 2018,09-Jun-2018 15:05:10.197,23.18584556,61.24286634,0.0,3.216,118.0,0.0,-9.64297485,-0.61956787,-1.80509949,0.0027357,
Sat Jun 09 15:05:12 GMT+03:00 2018,09-Jun-2018 15:05:11.198,23.18584569,61.24286579,0.0,3.216,118.0,0.0,-9.88796997,0.08404541,-1.07455444,0.00295031,
Sat Jun 09 15:05:13 GMT+03:00 2018,09-Jun-2018 15:05:12.198,23.18584479,61.24286595,0.0,3.216,118.0,0.0,-5.09553528,-4.32740784,6.95243835,0.05841606,
Sat Jun 09 15:05:14 GMT+03:00 2018,09-Jun-2018 15:05:13.197,23.18584487,61.24286587,0.0,3.216,118.0,0.0,-13.64350891,7.34115601,10.85322571,-0.03429192,
Sat Jun 09 15:05:15 GMT+03:00 2018,09-Jun-2018 15:05:14.198,23.18584474,61.24286583,0.0,3.216,118.0,0.0,-7.41418457,3.28356934,6.50445557,0.03128185,
Sat Jun 09 15:05:16 GMT+03:00 2018,09-Jun-2018 15:05:15.197,23.18584469,61.24286582,0.0,3.216,118.0,0.0,-8.13464355,3.87884521,3.93922424,0.00316721,
Sat Jun 09 15:05:17 GMT+03:00 2018,09-Jun-2018 15:05:16.199,23.18584468,61.24286584,0.0,3.216,118.0,0.0,-8.45448303,3.65255737,3.67759705,0.00702729,
Sat Jun 09 15:05:18 GMT+03:00 2018,09-Jun-2018 15:05:17.198,23.18584463,61.24286587,0.0,3.216,118.0,0.0,-0.00366211,6.56654358,5.14233398,0.04004531,
Sat Jun 09 15:05:19 GMT+03:00 2018,09-Jun-2018 15:05:18.197,23.1858505,61.24286823,0.22,3.216,118.0,106.9,3.52389526,9.28651428,2.60119629,0.00430727,
Sat Jun 09 15:05:20 GMT+03:00 2018,09-Jun-2018 15:05:19.201,23.18585296,61.24287998,0.98,3.216,118.0,116.1,-9.5821228,0.63661194,4.44377136,0.02321962,
Sat Jun 09 15:05:21 GMT+03:00 2018,09-Jun-2018 15:05:20.197,23.18584673,61.24287383,0.0,3.216,118.0,0.0,-8.67070007,1.78115845,2.99861145,0.00421124,
Sat Jun 09 15:05:22 GMT+03:00 2018,09-Jun-2018 15:05:21.197,23.18584354,61.24287552,0.0,3.216,118.0,0.0,-9.40637207,1.71585083,2.11746216,-0.00157915,
Sat Jun 09 15:05:23 GMT+03:00 2018,09-Jun-2018 15:05:22.198,23.18584293,61.24287472,0.0,3.216,118.0,0.0,-9.80717468,1.8578949,3.40473938,0.02846215,
Sat Jun 09 15:05:24 GMT+03:00 2018,09-Jun-2018 15:05:23.197,23.18583852,61.24287052,0.0,3.216,118.0,0.0,9.9881134,0.6063385,3.75726318,0.02869052,
Sat Jun 09 15:05:25 GMT+03:00 2018,09-Jun-2018 15:05:24.197,23.18583845,61.2428719,0.0,3.216,118.0,0.0,7.4079895,0.7197113,4.31671143,-0.09661696,
Sat Jun 09 15:05:26 GMT+03:00 2018,09-Jun-2018 15:05:25.198,23.18583562,61.24287303,0.0,3.216,118.0,0.0,8.35594177,0.36828613,3.17059326,0.01861512,
Sat Jun 09 15:05:27 GMT+03:00 2018,09-Jun-2018 15:05:26.197,23.18583762,61.24287424,0.0,3.216,118.0,0.0,8.99688721,0.65568542,3.9453125,-0.02060214,
